"Longitude (x)","Latitude (y)","Station Name","Climate ID","Date/Time","Year","Month","Day","Data Quality","Max Temp (°C)","Max Temp Flag","Min Temp (°C)","Min Temp Flag","Mean Temp (°C)","Mean Temp Flag","Heat Deg Days (°C)","Heat Deg Days Flag","Cool Deg Days (°C)","Cool Deg Days Flag","Total Rain (mm)","Total Rain Flag","Total Snow (cm)","Total Snow Flag","Total Precip (mm)","Total Precip Flag","Snow on Grnd (cm)","Snow on Grnd Flag","Dir of Max Gust (10s deg)","Dir of Max Gust Flag","Spd of Max Gust (km/h)","Spd of Max Gust Flag"
"-114.00","51.11","CALGARY INT'L CS","3031094","2022-01-01","2022","01","01","","-0.3","","-26.6","","-13.4","","31.4","","0.0","","","","","","0.0","","8","","28","","57",""
"-114.00","51.11","CALGARY INT'L CS","3031094","2022-01-02","2022","01","02","","0.9","","-14.9","","-7.0","","25.0","","0.0","","","","","","0.0","","7","","26","","76",""
"-114.00","51.11","CALGARY INT'L CS","3031094","2022-01-03","2022","01","03","","-14.9","","-25.2","","-20.0","","38.0","","0.0","","","","","","0.0","","","","36","","45",""
"-114.00","51.11","CALGARY INT'L CS","3031094","2022-01-04","2022","01","04","","-25.0","","-29.1","","-27.0","","45.0","","0.0","","","","","","0.6","","","","35","","53",""
"-114.00","51.11","CALGARY INT'L CS","3031094","2022-01-05","2022","01","05","","-24.3","","-30.1","","-27.2","","45.2","","0.0","","","","","","0.0","","","","","","",""
"-114.00","51.11","CALGARY INT'L CS","3031094","2022-01-06","2022","01","06","","-23.2","","-30.3","","-26.7","","44.7","","0.0","","","","","","0.0","","","","","","",""
"-114.00","51.11","CALGARY INT'L CS","3031094","2022-01-07","2022","01","07","","-22.5","","-24.2","","-23.3","","41.3","","0.0","","","","","","0.0","","","","35","","38",""
"-114.00","51.11","CALGARY INT'L CS","3031094","2022-01-08","2022","01","08","","-14.6","","-25.0","","-19.8","","37.8","","0.0","","","","","","0.0","","0","","","","",""
"-114.00","51.11","CALGARY INT'L CS","3031094","2022-01-09","2022","01","09","","0.9","","-24.2","","-11.7","","29.7","","0.0","","","","","","0.0","","1","","","","",""
"-114.00","51.11","CALGARY INT'L CS","3031094","2022-01-10","2022","01","10","","8.2","","-6.4","","0.9","","17.1","","0.0","","","","","","0.5","","1","","26","","76",""
"-114.00","51.11","CALGARY INT'L CS","3031094","2022-01-11","2022","01","11","","8.6","","-5.9","","1.4","","16.6","","0.0","","","","","","0.0","","0","","30","","66",""
"-114.00","51.11","CALGARY INT'L CS","3031094","2022-01-12","2022","01","12","","9.0","","-1.2","","3.9","","14.1","","0.0","","","","","","0.0","","","","28","","45",""
"-114.00","51.11","CALGARY INT'L CS","3031094","2022-01-13","2022","01","13","","9.0","","-2.3","","3.4","","14.6","","0.0","","","","","","0.0","","","","36","","50",""
"-114.00","51.11","CALGARY INT'L CS","3031094","2022-01-14","2022","01","14","","7.9","","-1.9","","3.0","","15.0","","0.0","","","","","","0.0","","0","","27","","55",""
"-114.00","51.11","CALGARY INT'L CS","3031094","2022-01-15","2022","01","15","","8.7","","-2.0","","3.4","","14.6","","0.0","","","","","","0.0","","0","","29","","55",""
"-114.00","51.11","CALGARY INT'L CS","3031094","2022-01-16","2022","01","16","","5.4","","-6.4","","-0.5","","18.5","","0.0","","","","","","0.0","","","","","","",""
"-114.00","51.11","CALGARY INT'L CS","3031094","2022-01-17","2022","01","17","","11.0","","-11.3","","-0.1","","18.1","","0.0","","","","","","0.0","","0","","35","","69",""
"-114.00","51.11","CALGARY INT'L CS","3031094","2022-01-18","2022","01","18","","-11.3","","-18.3","","-14.8","","32.8","","0.0","","","","","","0.0","","0","","34","","69",""
"-114.00","51.11","CALGARY INT'L CS","3031094","2022-01-19","2022","01","19","","-11.3","","-20.5","","-15.9","","33.9","","0.0","","","","","","0.0","","","","","","",""
"-114.00","51.11","CALGARY INT'L CS","3031094","2022-01-20","2022","01","20","","9.3","","-11.9","","-1.3","","19.3","","0.0","","","","","","0.0","","","","27","","69",""
"-114.00","51.11","CALGARY INT'L CS","3031094","2022-01-21","2022","01","21","","4.9","","-4.0","","0.4","","17.6","","0.0","","","","","","0.0","","0","","32","","33",""
"-114.00","51.11","CALGARY INT'L CS","3031094","2022-01-22","2022","01","22","","12.0","","-1.3","","5.4","","12.6","","0.0","","","","","","0.0","","0","","28","","55",""
"-114.00","51.11","CALGARY INT'L CS","3031094","2022-01-23","2022","01","23","","12.8","","-2.7","","5.1","","12.9","","0.0","","","","","","0.0","","0","","28","","47",""
"-114.00","51.11","CALGARY INT'L CS","3031094","2022-01-24","2022","01","24","","2.2","","-3.5","","-0.7","","18.7","","0.0","","","","","","0.0","","0","","34","","49",""
"-114.00","51.11","CALGARY INT'L CS","3031094","2022-01-25","2022","01","25","","9.0","","-6.9","","1.1","","16.9","","0.0","","","","","","0.0","","","","28","","56",""
"-114.00","51.11","CALGARY INT'L CS","3031094","2022-01-26","2022","01","26","","5.1","","-4.5","","0.3","","17.7","","0.0","","","","","","0.0","","0","","35","","57",""
"-114.00","51.11","CALGARY INT'L CS","3031094","2022-01-27","2022","01","27","","8.9","","-9.4","","-0.3","","18.3","","0.0","","","","","","0.0","","0","","28","","41",""
"-114.00","51.11","CALGARY INT'L CS","3031094","2022-01-28","2022","01","28","","11.7","","1.0","","6.3","","11.7","","0.0","","","","","","0.0","","0","","26","","50",""
"-114.00","51.11","CALGARY INT'L CS","3031094","2022-01-29","2022","01","29","","9.2","","-4.8","","2.2","","15.8","","0.0","","","","","","0.0","","0","","27","","49",""
"-114.00","51.11","CALGARY INT'L CS","3031094","2022-01-30","2022","01","30","","9.8","","-2.4","","3.7","","14.3","","0.0","","","","","","0.0","","0","","27","","49",""
"-114.00","51.11","CALGARY INT'L CS","3031094","2022-01-31","2022","01","31","","2.7","","-16.2","","-6.7","","24.7","","0.0","","","","","","0.0","","0","","36","","80",""
"-114.00","51.11","CALGARY INT'L CS","3031094","2022-02-01","2022","02","01","","-16.1","","-23.7","","-19.9","","37.9","","0.0","","","","","","1.5","","0","","","","",""
"-114.00","51.11","CALGARY INT'L CS","3031094","2022-02-02","2022","02","02","","-18.6","","-29.2","","-23.9","","41.9","","0.0","","","","","","0.0","","0","","18","","41",""
"-114.00","51.11","CALGARY INT'L CS","3031094","2022-02-03","2022","02","03","","-7.3","","-20.1","","-13.7","","31.7","","0.0","","","","","","0.0","","1","","35","","47",""
"-114.00","51.11","CALGARY INT'L CS","3031094","2022-02-04","2022","02","04","","7.8","","-17.1","","-4.6","","22.6","","0.0","","","","","","0.3","","1","","27","","72",""
"-114.00","51.11","CALGARY INT'L CS","3031094","2022-02-05","2022","02","05","","6.1","","-3.2","","1.5","","16.5","","0.0","","","","","","0.0","","0","","27","","60",""
"-114.00","51.11","CALGARY INT'L CS","3031094","2022-02-06","2022","02","06","","12.3","","-3.6","","4.4","","13.6","","0.0","","","","","","0.0","","0","","28","","67",""
"-114.00","51.11","CALGARY INT'L CS","3031094","2022-02-07","2022","02","07","","11.9","","-1.6","","5.2","","12.8","","0.0","","","","","","0.0","","0","","27","","78",""
"-114.00","51.11","CALGARY INT'L CS","3031094","2022-02-08","2022","02","08","","9.8","","1.6","","5.7","","12.3","","0.0","","","","","","0.0","","0","","28","","58",""
"-114.00","51.11","CALGARY INT'L CS","3031094","2022-02-09","2022","02","09","","13.3","","2.4","","7.9","","10.1","","0.0","","","","","","0.0","","0","","28","","52",""
"-114.00","51.11","CALGARY INT'L CS","3031094","2022-02-10","2022","02","10","","13.2","","-3.0","","5.1","","12.9","","0.0","","","","","","0.0","","0","","27","","59",""
"-114.00","51.11","CALGARY INT'L CS","3031094","2022-02-11","2022","02","11","","1.6","","-4.6","","-1.5","","19.5","","0.0","","","","","","0.0","","0","","35","","52",""
"-114.00","51.11","CALGARY INT'L CS","3031094","2022-02-12","2022","02","12","","7.5","","-2.4","","2.5","","15.5","","0.0","","","","","","0.0","","0","","27","","40",""
"-114.00","51.11","CALGARY INT'L CS","3031094","2022-02-13","2022","02","13","","8.6","","-1.5","","3.6","","14.4","","0.0","","","","","","0.0","","0","","28","","37",""
"-114.00","51.11","CALGARY INT'L CS","3031094","2022-02-14","2022","02","14","","-0.2","","-4.3","","-2.2","","20.2","","0.0","","","","","","1.1","","0","","","","",""
"-114.00","51.11","CALGARY INT'L CS","3031094","2022-02-15","2022","02","15","","-1.5","","-7.3","","-4.4","","22.4","","0.0","","","","","","2.9","","1","","35","","44",""
"-114.00","51.11","CALGARY INT'L CS","3031094","2022-02-16","2022","02","16","","-2.9","","-14.6","","-8.8","","26.8","","0.0","","","","","","1.7","","8","","","","",""
"-114.00","51.11","CALGARY INT'L CS","3031094","2022-02-17","2022","02","17","","7.0","","-9.5","","-1.2","","19.2","","0.0","","","","","","0.0","","5","","29","","58",""
"-114.00","51.11","CALGARY INT'L CS","3031094","2022-02-18","2022","02","18","","-0.2","","-11.1","","-5.7","","23.7","","0.0","","","","","","0.5","","0","","6","","42",""
"-114.00","51.11","CALGARY INT'L CS","3031094","2022-02-19","2022","02","19","","8.6","","-5.3","","1.7","","16.3","","0.0","","","","","","0.0","","0","","28","","48",""
"-114.00","51.11","CALGARY INT'L CS","3031094","2022-02-20","2022","02","20","","-5.0","","-21.3","","-13.1","","31.1","","0.0","","","","","","4.2","","7","","4","","54",""
"-114.00","51.11","CALGARY INT'L CS","3031094","2022-02-21","2022","02","21","","-19.6","","-24.7","","-22.2","","40.2","","0.0","","","","","","0.2","","8","","","","",""
"-114.00","51.11","CALGARY INT'L CS","3031094","2022-02-22","2022","02","22","","-17.7","","-27.2","","-22.4","","40.4","","0.0","","","","","","0.0","","8","","","","",""
"-114.00","51.11","CALGARY INT'L CS","3031094","2022-02-23","2022","02","23","","-9.4","","-27.6","","-18.5","","36.5","","0.0","","","","","","0.0","","8","","","","",""
"-114.00","51.11","CALGARY INT'L CS","3031094","2022-02-24","2022","02","24","","-5.1","","-11.6","","-8.4","","26.4","","0.0","","","","","","1.5","","11","","36","","37",""
"-114.00","51.11","CALGARY INT'L CS","3031094","2022-02-25","2022","02","25","","3.7","","-16.4","","-6.3","","24.3","","0.0","","","","","","0.0","","9","","","","",""
"-114.00","51.11","CALGARY INT'L CS","3031094","2022-02-26","2022","02","26","","8.1","","-9.7","","-0.8","","18.8","","0.0","","","","","","0.0","","10","","30","","43",""
"-114.00","51.11","CALGARY INT'L CS","3031094","2022-02-27","2022","02","27","","8.8","","2.9","","5.9","","12.1","","0.0","","","","","","0.0","","9","","28","","55",""
"-114.00","51.11","CALGARY INT'L CS","3031094","2022-02-28","2022","02","28","","6.1","","-5.1","","0.5","","17.5","","0.0","","","","","","0.0","","5","","","","",""
"-114.00","51.11","CALGARY INT'L CS","3031094","2022-03-01","2022","03","01","","11.7","","-7.5","","2.1","","15.9","","0.0","","","","","","0.0","","4","","27","","42",""
"-114.00","51.11","CALGARY INT'L CS","3031094","2022-03-02","2022","03","02","","-5.6","","-7.9","","-6.7","","24.7","","0.0","","","","","","0.6","","2","","","","",""
"-114.00","51.11","CALGARY INT'L CS","3031094","2022-03-03","2022","03","03","","-6.4","","-9.7","","-8.1","","26.1","","0.0","","","","","","3.6","","3","","","","",""
"-114.00","51.11","CALGARY INT'L CS","3031094","2022-03-04","2022","03","04","","-6.4","","-10.9","","-8.7","","26.7","","0.0","","","","","","0.8","","9","","34","","40",""
"-114.00","51.11","CALGARY INT'L CS","3031094","2022-03-05","2022","03","05","","-2.3","","-10.9","","-6.6","","24.6","","0.0","","","","","","0.0","","7","","","","",""
"-114.00","51.11","CALGARY INT'L CS","3031094","2022-03-06","2022","03","06","","1.1","","-8.1","","-3.5","","21.5","","0.0","","","","","","0.0","","7","","19","","32",""
"-114.00","51.11","CALGARY INT'L CS","3031094","2022-03-07","2022","03","07","","3.6","","-7.1","","-1.7","","19.7","","0.0","","","","","","0.0","","6","","34","","69",""
"-114.00","51.11","CALGARY INT'L CS","3031094","2022-03-08","2022","03","08","","-6.9","","-11.9","","-9.4","","27.4","","0.0","","","","","","0.1","","5","","35","","56",""
"-114.00","51.11","CALGARY INT'L CS","3031094","2022-03-09","2022","03","09","","-9.1","","-17.3","","-13.2","","31.2","","0.0","","","","","","0.0","","5","","36","","33",""
"-114.00","51.11","CALGARY INT'L CS","3031094","2022-03-10","2022","03","10","","-4.4","","-13.9","","-9.1","","27.1","","0.0","","","","","","0.0","","5","","4","","51",""
"-114.00","51.11","CALGARY INT'L CS","3031094","2022-03-11","2022","03","11","","4.4","","-16.2","","-5.9","","23.9","","0.0","","","","","","0.0","","5","","28","","48",""
"-114.00","51.11","CALGARY INT'L CS","3031094","2022-03-12","2022","03","12","","9.4","","1.0","","5.2","","12.8","","0.0","","","","","","0.0","","4","","28","","51",""
"-114.00","51.11","CALGARY INT'L CS","3031094","2022-03-13","2022","03","13","","3.2","","-2.4","","0.4","","17.6","","0.0","","","","","","0.0","","0","","14","","32",""
"-114.00","51.11","CALGARY INT'L CS","3031094","2022-03-14","2022","03","14","","12.4","","-2.6","","4.9","","13.1","","0.0","","","","","","0.0","","0","","26","","55",""
"-114.00","51.11","CALGARY INT'L CS","3031094","2022-03-15","2022","03","15","","12.2","","-1.2","","5.5","","12.5","","0.0","","","","","","0.0","","0","","27","","65",""
"-114.00","51.11","CALGARY INT'L CS","3031094","2022-03-16","2022","03","16","","10.0","","0.4","","5.2","","12.8","","0.0","","","","","","0.0","","0","","32","","43",""
"-114.00","51.11","CALGARY INT'L CS","3031094","2022-03-17","2022","03","17","","12.0","","-2.8","","4.6","","13.4","","0.0","","","","","","0.0","","","","27","","44",""
"-114.00","51.11","CALGARY INT'L CS","3031094","2022-03-18","2022","03","18","","10.0","","-3.6","","3.2","","14.8","","0.0","","","","","","0.0","","","","29","","36",""
"-114.00","51.11","CALGARY INT'L CS","3031094","2022-03-19","2022","03","19","","11.5","","-4.9","","3.3","","14.7","","0.0","","","","","","0.0","","","","","","",""
"-114.00","51.11","CALGARY INT'L CS","3031094","2022-03-20","2022","03","20","","4.9","","-1.8","","1.6","","16.4","","0.0","","","","","","0.8","","0","","34","","59",""
"-114.00","51.11","CALGARY INT'L CS","3031094","2022-03-21","2022","03","21","","11.0","","-1.3","","4.9","","13.1","","0.0","","","","","","0.0","","0","","29","","45",""
"-114.00","51.11","CALGARY INT'L CS","3031094","2022-03-22","2022","03","22","","14.9","","-0.4","","7.2","","10.8","","0.0","","","","","","0.0","","","","28","","31",""
"-114.00","51.11","CALGARY INT'L CS","3031094","2022-03-23","2022","03","23","","18.6","","0.9","","9.8","","8.2","","0.0","","","","","","0.0","","","","3","","70",""
"-114.00","51.11","CALGARY INT'L CS","3031094","2022-03-24","2022","03","24","","5.5","","-5.1","","0.2","","17.8","","0.0","","","","","","0.0","","0","","34","","68",""
"-114.00","51.11","CALGARY INT'L CS","3031094","2022-03-25","2022","03","25","","8.3","","-6.6","","0.9","","17.1","","0.0","","","","","","0.0","","0","","12","","33",""
"-114.00","51.11","CALGARY INT'L CS","3031094","2022-03-26","2022","03","26","","6.0","","-6.1","","-0.1","","18.1","","0.0","","","","","","0.0","","0","","","","",""
"-114.00","51.11","CALGARY INT'L CS","3031094","2022-03-27","2022","03","27","","14.8","","-5.1","","4.9","","13.1","","0.0","","","","","","0.0","","","","36","","35",""
"-114.00","51.11","CALGARY INT'L CS","3031094","2022-03-28","2022","03","28","","3.8","","-2.6","","0.6","","17.4","","0.0","","","","","","0.3","","0","","36","","50",""
"-114.00","51.11","CALGARY INT'L CS","3031094","2022-03-29","2022","03","29","","10.0","","-7.0","","1.5","","16.5","","0.0","","","","","","0.0","","","","34","","31",""
"-114.00","51.11","CALGARY INT'L CS","3031094","2022-03-30","2022","03","30","","17.4","","-5.4","","6.0","","12.0","","0.0","","","","","","0.5","","","","28","","66",""
"-114.00","51.11","CALGARY INT'L CS","3031094","2022-03-31","2022","03","31","","7.9","","-0.4","","3.7","","14.3","","0.0","","","","","","0.0","","0","","35","","66",""
"-114.00","51.11","CALGARY INT'L CS","3031094","2022-04-01","2022","04","01","","9.1","","-5.1","","2.0","","16.0","","0.0","","","","","","0.0","","","","","","",""
"-114.00","51.11","CALGARY INT'L CS","3031094","2022-04-02","2022","04","02","","10.4","","-3.0","","3.7","","14.3","","0.0","","","","","","0.0","","","","35","","50",""
"-114.00","51.11","CALGARY INT'L CS","3031094","2022-04-03","2022","04","03","","9.5","","-4.9","","2.3","","15.7","","0.0","","","","","","0.0","","","","27","","39",""
"-114.00","51.11","CALGARY INT'L CS","3031094","2022-04-04","2022","04","04","","14.0","","0.9","","7.5","","10.5","","0.0","","","","","","0.0","","","","29","","71",""
"-114.00","51.11","CALGARY INT'L CS","3031094","2022-04-05","2022","04","05","","9.8","","1.0","","5.4","","12.6","","0.0","","","","","","0.0","","","","33","","67",""
"-114.00","51.11","CALGARY INT'L CS","3031094","2022-04-06","2022","04","06","","9.1","","-3.5","","2.8","","15.2","","0.0","","","","","","0.0","","","","2","","35",""
"-114.00","51.11","CALGARY INT'L CS","3031094","2022-04-07","2022","04","07","","16.9","","-4.6","","6.1","","11.9","","0.0","","","","","","0.0","","","","16","","34",""
"-114.00","51.11","CALGARY INT'L CS","3031094","2022-04-08","2022","04","08","","21.1","","4.5","","12.8","","5.2","","0.0","","","","","","0.0","","","","29","","65",""
"-114.00","51.11","CALGARY INT'L CS","3031094","2022-04-09","2022","04","09","","6.5","","0.8","","3.7","","14.3","","0.0","","","","","","0.3","","","","33","","55",""
"-114.00","51.11","CALGARY INT'L CS","3031094","2022-04-10","2022","04","10","","2.9","","-6.1","","-1.6","","19.6","","0.0","","","","","","0.0","","","","34","","57",""
"-114.00","51.11","CALGARY INT'L CS","3031094","2022-04-11","2022","04","11","","0.0","","-8.9","","-4.5","","22.5","","0.0","","","","","","0.0","","","","36","","53",""
"-114.00","51.11","CALGARY INT'L CS","3031094","2022-04-12","2022","04","12","","-7.6","","-11.1","","-9.3","","27.3","","0.0","","","","","","0.1","","","","1","","40",""
"-114.00","51.11","CALGARY INT'L CS","3031094","2022-04-13","2022","04","13","","-6.0","","-10.3","","-8.1","","26.1","","0.0","","","","","","0.3","","","","2","","40",""
"-114.00","51.11","CALGARY INT'L CS","3031094","2022-04-14","2022","04","14","","-5.1","","-10.4","","-7.7","","25.7","","0.0","","","","","","0.6","","","","35","","33",""
"-114.00","51.11","CALGARY INT'L CS","3031094","2022-04-15","2022","04","15","","-2.1","","-9.7","","-5.9","","23.9","","0.0","","","","","","1.1","","0","","","","",""
"-114.00","51.11","CALGARY INT'L CS","3031094","2022-04-16","2022","04","16","","3.9","","-11.8","","-3.9","","21.9","","0.0","","","","","","0.0","","","","12","","32",""
"-114.00","51.11","CALGARY INT'L CS","3031094","2022-04-17","2022","04","17","","5.6","","-8.8","","-1.6","","19.6","","0.0","","","","","","0.0","","","","35","","41",""
"-114.00","51.11","CALGARY INT'L CS","3031094","2022-04-18","2022","04","18","","9.5","","-7.7","","0.9","","17.1","","0.0","","","","","","0.0","","","","17","","47",""
"-114.00","51.11","CALGARY INT'L CS","3031094","2022-04-19","2022","04","19","","3.5","","-2.6","","0.4","","17.6","","0.0","","","","","","10.8","","","","35","","56",""
"-114.00","51.11","CALGARY INT'L CS","3031094","2022-04-20","2022","04","20","","0.6","","-4.0","","-1.7","","19.7","","0.0","","","","","","0.5","","10","","33","","52",""
"-114.00","51.11","CALGARY INT'L CS","3031094","2022-04-21","2022","04","21","","5.2","","-4.9","","0.1","","17.9","","0.0","","","","","","0.0","","4","","17","","51",""
"-114.00","51.11","CALGARY INT'L CS","3031094","2022-04-22","2022","04","22","","1.6","","-0.6","","0.5","","17.5","","0.0","","","","","","9.4","","","","","","",""
"-114.00","51.11","CALGARY INT'L CS","3031094","2022-04-23","2022","04","23","","10.1","","-2.4","","3.8","","14.2","","0.0","","","","","","0.0","","1","","","","",""
"-114.00","51.11","CALGARY INT'L CS","3031094","2022-04-24","2022","04","24","","14.3","","-2.9","","5.7","","12.3","","0.0","","","","","","0.0","","","","","","",""
"-114.00","51.11","CALGARY INT'L CS","3031094","2022-04-25","2022","04","25","","16.9","","-1.5","","7.7","","10.3","","0.0","","","","","","0.0","","","","22","","38",""
"-114.00","51.11","CALGARY INT'L CS","3031094","2022-04-26","2022","04","26","","14.2","","3.6","","8.9","","9.1","","0.0","","","","","","1.3","","","","35","","45",""
"-114.00","51.11","CALGARY INT'L CS","3031094","2022-04-27","2022","04","27","","11.6","","0.1","","5.9","","12.1","","0.0","","","","","","0.0","","","","29","","44",""
"-114.00","51.11","CALGARY INT'L CS","3031094","2022-04-28","2022","04","28","","11.4","","-3.4","","4.0","","14.0","","0.0","","","","","","0.0","","","","20","","38",""
"-114.00","51.11","CALGARY INT'L CS","3031094","2022-04-29","2022","04","29","","12.8","","-0.1","","6.3","","11.7","","0.0","","","","","","0.0","","","","16","","34",""
"-114.00","51.11","CALGARY INT'L CS","3031094","2022-04-30","2022","04","30","","13.8","","-1.6","","6.1","","11.9","","0.0","","","","","","0.0","","","","15","","42",""
"-114.00","51.11","CALGARY INT'L CS","3031094","2022-05-01","2022","05","01","","14.8","","3.0","","8.9","","9.1","","0.0","","","","","","0.0","","","","20","","46",""
"-114.00","51.11","CALGARY INT'L CS","3031094","2022-05-02","2022","05","02","","16.0","","0.2","","8.1","","9.9","","0.0","","","","","","0.0","","","","","","",""
"-114.00","51.11","CALGARY INT'L CS","3031094","2022-05-03","2022","05","03","","18.7","","1.9","","10.3","","7.7","","0.0","","","","","","0.0","","","","21","","31",""
"-114.00","51.11","CALGARY INT'L CS","3031094","2022-05-04","2022","05","04","","20.1","","7.2","","13.6","","4.4","","0.0","","","","","","0.0","","","","26","","43",""
"-114.00","51.11","CALGARY INT'L CS","3031094","2022-05-05","2022","05","05","","20.5","","7.2","","13.8","","4.2","","0.0","","","","","","0.0","","","","19","","47",""
"-114.00","51.11","CALGARY INT'L CS","3031094","2022-05-06","2022","05","06","","16.7","","5.7","","11.2","","6.8","","0.0","","","","","","0.0","","","","28","","65",""
"-114.00","51.11","CALGARY INT'L CS","3031094","2022-05-07","2022","05","07","","15.9","","2.7","","9.3","","8.7","","0.0","","","","","","0.0","","","","34","","45",""
"-114.00","51.11","CALGARY INT'L CS","3031094","2022-05-08","2022","05","08","","11.1","","-0.1","","5.5","","12.5","","0.0","","","","","","2.6","","","","21","","54",""
"-114.00","51.11","CALGARY INT'L CS","3031094","2022-05-09","2022","05","09","","8.7","","0.7","","4.7","","13.3","","0.0","","","","","","2.4","","","","22","","34",""
"-114.00","51.11","CALGARY INT'L CS","3031094","2022-05-10","2022","05","10","","9.6","","-0.1","","4.7","","13.3","","0.0","","","","","","0.8","","","","2","","46",""
"-114.00","51.11","CALGARY INT'L CS","3031094","2022-05-11","2022","05","11","","13.5","","-1.0","","6.2","","11.8","","0.0","","","","","","0.0","","","","","","",""
"-114.00","51.11","CALGARY INT'L CS","3031094","2022-05-12","2022","05","12","","16.4","","-1.7","","7.4","","10.6","","0.0","","","","","","0.0","","","","18","","48",""
"-114.00","51.11","CALGARY INT'L CS","3031094","2022-05-13","2022","05","13","","13.7","","-2.2","","5.7","","12.3","","0.0","","","","","","0.0","","","","28","","39",""
"-114.00","51.11","CALGARY INT'L CS","3031094","2022-05-14","2022","05","14","","16.6","","2.2","","9.4","","8.6","","0.0","","","","","","0.0","","","","28","","41",""
"-114.00","51.11","CALGARY INT'L CS","3031094","2022-05-15","2022","05","15","","18.6","","-0.5","","9.1","","8.9","","0.0","","","","","","0.0","","","","30","","32",""
"-114.00","51.11","CALGARY INT'L CS","3031094","2022-05-16","2022","05","16","","21.1","","6.4","","13.7","","4.3","","0.0","","","","","","0.0","","","","29","","44",""
"-114.00","51.11","CALGARY INT'L CS","3031094","2022-05-17","2022","05","17","","12.3","","4.7","","8.5","","9.5","","0.0","","","","","","2.0","","","","34","","46",""
"-114.00","51.11","CALGARY INT'L CS","3031094","2022-05-18","2022","05","18","","16.9","","0.9","","8.9","","9.1","","0.0","","","","","","0.3","","","","29","","71",""
"-114.00","51.11","CALGARY INT'L CS","3031094","2022-05-19","2022","05","19","","7.3","","1.5","","4.4","","13.6","","0.0","","","","","","2.7","","","","33","","76",""
"-114.00","51.11","CALGARY INT'L CS","3031094","2022-05-20","2022","05","20","","8.8","","1.8","","5.3","","12.7","","0.0","","","","","","0.5","","","","34","","48",""
"-114.00","51.11","CALGARY INT'L CS","3031094","2022-05-21","2022","05","21","","10.9","","-0.1","","5.4","","12.6","","0.0","","","","","","0.0","","","","","","",""
"-114.00","51.11","CALGARY INT'L CS","3031094","2022-05-22","2022","05","22","","16.4","","-2.2","","7.1","","10.9","","0.0","","","","","","0.0","","","","33","","38",""
"-114.00","51.11","CALGARY INT'L CS","3031094","2022-05-23","2022","05","23","","19.1","","0.9","","10.0","","8.0","","0.0","","","","","","0.0","","","","32","","49",""
"-114.00","51.11","CALGARY INT'L CS","3031094","2022-05-24","2022","05","24","","17.5","","5.3","","11.4","","6.6","","0.0","","","","","","0.0","","","","17","","55",""
"-114.00","51.11","CALGARY INT'L CS","3031094","2022-05-25","2022","05","25","","20.1","","6.4","","13.2","","4.8","","0.0","","","","","","0.0","","","","28","","55",""
"-114.00","51.11","CALGARY INT'L CS","3031094","2022-05-26","2022","05","26","","20.5","","4.9","","12.7","","5.3","","0.0","","","","","","0.0","","","","19","","34",""
"-114.00","51.11","CALGARY INT'L CS","3031094","2022-05-27","2022","05","27","","21.4","","8.5","","15.0","","3.0","","0.0","","","","","","0.0","","","","28","","52",""
"-114.00","51.11","CALGARY INT'L CS","3031094","2022-05-28","2022","05","28","","19.1","","7.9","","13.5","","4.5","","0.0","","","","","","0.0","","","","29","","35",""
"-114.00","51.11","CALGARY INT'L CS","3031094","2022-05-29","2022","05","29","","15.1","","8.1","","11.6","","6.4","","0.0","","","","","","0.0","","","","36","","46",""
"-114.00","51.11","CALGARY INT'L CS","3031094","2022-05-30","2022","05","30","","16.0","","5.5","","10.7","","7.3","","0.0","","","","","","0.0","","","","36","","51",""
"-114.00","51.11","CALGARY INT'L CS","3031094","2022-05-31","2022","05","31","","17.4","","1.2","","9.3","","8.7","","0.0","","","","","","0.0","","","","","","",""
"-114.00","51.11","CALGARY INT'L CS","3031094","2022-06-01","2022","06","01","","19.1","","8.2","","13.7","","4.3","","0.0","","","","","","0.0","","","","","","",""
"-114.00","51.11","CALGARY INT'L CS","3031094","2022-06-02","2022","06","02","","20.5","","2.3","","11.4","","6.6","","0.0","","","","","","0.0","","","","17","","34",""
"-114.00","51.11","CALGARY INT'L CS","3031094","2022-06-03","2022","06","03","","21.7","","5.0","","13.4","","4.6","","0.0","","","","","","0.0","","","","16","","49",""
"-114.00","51.11","CALGARY INT'L CS","3031094","2022-06-04","2022","06","04","","20.6","","8.8","","14.7","","3.3","","0.0","","","","","","0.8","","","","10","","44",""
"-114.00","51.11","CALGARY INT'L CS","3031094","2022-06-05","2022","06","05","","15.6","","7.6","","11.6","","6.4","","0.0","","","","","","10.2","","","","8","","42",""
"-114.00","51.11","CALGARY INT'L CS","3031094","2022-06-06","2022","06","06","","16.5","","9.0","","12.7","","5.3","","0.0","","","","","","23.0","","","","32","","39",""
"-114.00","51.11","CALGARY INT'L CS","3031094","2022-06-07","2022","06","07","","15.9","","8.7","","12.3","","5.7","","0.0","","","","","","3.1","","","","32","","39",""
"-114.00","51.11","CALGARY INT'L CS","3031094","2022-06-08","2022","06","08","","21.8","","5.9","","13.9","","4.1","","0.0","","","","","","0.0","","","","26","","46",""
"-114.00","51.11","CALGARY INT'L CS","3031094","2022-06-09","2022","06","09","","23.0","","7.1","","15.0","","3.0","","0.0","","","","","","0.0","","","","15","","49",""
"-114.00","51.11","CALGARY INT'L CS","3031094","2022-06-10","2022","06","10","","23.4","","7.8","","15.6","","2.4","","0.0","","","","","","0.0","","","","28","","58",""
"-114.00","51.11","CALGARY INT'L CS","3031094","2022-06-11","2022","06","11","","21.6","","10.3","","16.0","","2.0","","0.0","","","","","","0.0","","","","28","","50",""
"-114.00","51.11","CALGARY INT'L CS","3031094","2022-06-12","2022","06","12","","18.6","","6.7","","12.7","","5.3","","0.0","","","","","","2.2","","","","5","","32",""
"-114.00","51.11","CALGARY INT'L CS","3031094","2022-06-13","2022","06","13","","14.8","","9.1","","11.9","","6.1","","0.0","","","","","","26.1","","","","36","","44",""
"-114.00","51.11","CALGARY INT'L CS","3031094","2022-06-14","2022","06","14","","11.5","","8.3","","9.9","","8.1","","0.0","","","","","","33.1","","","","33","","95",""
"-114.00","51.11","CALGARY INT'L CS","3031094","2022-06-15","2022","06","15","","15.6","","9.1","","12.3","","5.7","","0.0","","","","","","1.1","","","","32","","76",""
"-114.00","51.11","CALGARY INT'L CS","3031094","2022-06-16","2022","06","16","","18.8","","7.9","","13.4","","4.6","","0.0","","","","","","0.0","","","","16","","41",""
"-114.00","51.11","CALGARY INT'L CS","3031094","2022-06-17","2022","06","17","","20.1","","11.6","","15.8","","2.2","","0.0","","","","","","1.0","","","","31","","32",""
"-114.00","51.11","CALGARY INT'L CS","3031094","2022-06-18","2022","06","18","","20.1","","12.1","","16.1","","1.9","","0.0","","","","","","6.8","","","","1","","33",""
"-114.00","51.11","CALGARY INT'L CS","3031094","2022-06-19","2022","06","19","","18.9","","10.8","","14.9","","3.1","","0.0","","","","","","0.0","","","","15","","50",""
"-114.00","51.11","CALGARY INT'L CS","3031094","2022-06-20","2022","06","20","","18.8","","9.0","","13.9","","4.1","","0.0","","","","","","0.5","","","","1","","45",""
"-114.00","51.11","CALGARY INT'L CS","3031094","2022-06-21","2022","06","21","","22.6","","6.8","","14.7","","3.3","","0.0","","","","","","0.0","","","","28","","41",""
"-114.00","51.11","CALGARY INT'L CS","3031094","2022-06-22","2022","06","22","","24.6","","10.5","","17.5","","0.5","","0.0","","","","","","0.0","","","","35","","64",""
"-114.00","51.11","CALGARY INT'L CS","3031094","2022-06-23","2022","06","23","","12.2","","6.4","","9.3","","8.7","","0.0","","","","","","15.3","","","","33","","51",""
"-114.00","51.11","CALGARY INT'L CS","3031094","2022-06-24","2022","06","24","","14.3","","6.8","","10.5","","7.5","","0.0","","","","","","1.3","","","","35","","64",""
"-114.00","51.11","CALGARY INT'L CS","3031094","2022-06-25","2022","06","25","","19.1","","6.3","","12.7","","5.3","","0.0","","","","","","0.0","","","","","","",""
"-114.00","51.11","CALGARY INT'L CS","3031094","2022-06-26","2022","06","26","","23.6","","6.3","","14.9","","3.1","","0.0","","","","","","0.0","","","","","","",""
"-114.00","51.11","CALGARY INT'L CS","3031094","2022-06-27","2022","06","27","","24.5","","8.1","","16.3","","1.7","","0.0","","","","","","0.2","","","","2","","57",""
"-114.00","51.11","CALGARY INT'L CS","3031094","2022-06-28","2022","06","28","","22.1","","9.8","","16.0","","2.0","","0.0","","","","","","0.9","","","","16","","43",""
"-114.00","51.11","CALGARY INT'L CS","3031094","2022-06-29","2022","06","29","","18.5","","9.6","","14.0","","4.0","","0.0","","","","","","4.0","","","","32","","51",""
"-114.00","51.11","CALGARY INT'L CS","3031094","2022-06-30","2022","06","30","","20.8","","9.0","","14.9","","3.1","","0.0","","","","","","0.5","","","","31","","37",""
"-114.00","51.11","CALGARY INT'L CS","3031094","2022-07-01","2022","07","01","","23.2","","9.9","","16.5","","1.5","","0.0","","","","","","17.0","","","","32","","54",""
"-114.00","51.11","CALGARY INT'L CS","3031094","2022-07-02","2022","07","02","","17.1","","10.3","","13.7","","4.3","","0.0","","","","","","0.9","","","","2","","33",""
"-114.00","51.11","CALGARY INT'L CS","3031094","2022-07-03","2022","07","03","","13.9","","9.9","","11.9","","6.1","","0.0","","","","","","0.1","","","","","","",""
"-114.00","51.11","CALGARY INT'L CS","3031094","2022-07-04","2022","07","04","","14.5","","10.3","","12.4","","5.6","","0.0","","","","","","8.9","","","","9","","31",""
"-114.00","51.11","CALGARY INT'L CS","3031094","2022-07-05","2022","07","05","","21.1","","9.3","","15.2","","2.8","","0.0","","","","","","5.8","","","","1","","43",""
"-114.00","51.11","CALGARY INT'L CS","3031094","2022-07-06","2022","07","06","","17.6","","7.1","","12.3","","5.7","","0.0","","","","","","0.0","","","","","","",""
"-114.00","51.11","CALGARY INT'L CS","3031094","2022-07-07","2022","07","07","","24.3","","11.2","","17.7","","0.3","","0.0","","","","","","19.3","","","","31","","88",""
"-114.00","51.11","CALGARY INT'L CS","3031094","2022-07-08","2022","07","08","","25.3","","10.7","","18.0","","0.0","","0.0","","","","","","0.0","","","","","","",""
"-114.00","51.11","CALGARY INT'L CS","3031094","2022-07-09","2022","07","09","","24.9","","11.2","","18.0","","0.0","","0.0","","","","","","0.0","","","","28","","38",""
"-114.00","51.11","CALGARY INT'L CS","3031094","2022-07-10","2022","07","10","","23.2","","10.5","","16.9","","1.1","","0.0","","","","","","0.0","","","","28","","47",""
"-114.00","51.11","CALGARY INT'L CS","3031094","2022-07-11","2022","07","11","","24.3","","11.7","","18.0","","0.0","","0.0","","","","","","0.0","","","","17","","42",""
"-114.00","51.11","CALGARY INT'L CS","3031094","2022-07-12","2022","07","12","","29.1","","13.5","","21.3","","0.0","","3.3","","","","","","0.0","","","","17","","46",""
"-114.00","51.11","CALGARY INT'L CS","3031094","2022-07-13","2022","07","13","","24.4","","11.9","","18.2","","0.0","","0.2","","","","","","0.0","","","","35","","39",""
"-114.00","51.11","CALGARY INT'L CS","3031094","2022-07-14","2022","07","14","","27.1","","10.3","","18.7","","0.0","","0.7","","","","","","0.0","","","","14","","33",""
"-114.00","51.11","CALGARY INT'L CS","3031094","2022-07-15","2022","07","15","","29.1","","11.1","","20.1","","0.0","","2.1","","","","","","0.0","","","","14","","38",""
"-114.00","51.11","CALGARY INT'L CS","3031094","2022-07-16","2022","07","16","","27.8","","13.3","","20.6","","0.0","","2.6","","","","","","0.0","","","","28","","35",""
"-114.00","51.11","CALGARY INT'L CS","3031094","2022-07-17","2022","07","17","","23.4","","14.6","","19.0","","0.0","","1.0","","","","","","0.0","","","","8","","31",""
"-114.00","51.11","CALGARY INT'L CS","3031094","2022-07-18","2022","07","18","","19.5","","12.7","","16.1","","1.9","","0.0","","","","","","2.3","","","","17","","57",""
"-114.00","51.11","CALGARY INT'L CS","3031094","2022-07-19","2022","07","19","","28.3","","13.3","","20.8","","0.0","","2.8","","","","","","0.1","","","","29","","48",""
"-114.00","51.11","CALGARY INT'L CS","3031094","2022-07-20","2022","07","20","","24.6","","8.9","","16.8","","1.2","","0.0","","","","","","0.0","","","","16","","31",""
"-114.00","51.11","CALGARY INT'L CS","3031094","2022-07-21","2022","07","21","","27.5","","11.2","","19.3","","0.0","","1.3","","","","","","0.0","","","","15","","37",""
"-114.00","51.11","CALGARY INT'L CS","3031094","2022-07-22","2022","07","22","","22.9","","11.9","","17.4","","0.6","","0.0","","","","","","0.6","","","","33","","45",""
"-114.00","51.11","CALGARY INT'L CS","3031094","2022-07-23","2022","07","23","","24.6","","11.0","","17.8","","0.2","","0.0","","","","","","0.0","","","","13","","35",""
"-114.00","51.11","CALGARY INT'L CS","3031094","2022-07-24","2022","07","24","","26.8","","11.4","","19.1","","0.0","","1.1","","","","","","0.0","","","","","","",""
"-114.00","51.11","CALGARY INT'L CS","3031094","2022-07-25","2022","07","25","","21.8","","13.0","","17.4","","0.6","","0.0","","","","","","1.1","","","","","","",""
"-114.00","51.11","CALGARY INT'L CS","3031094","2022-07-26","2022","07","26","","24.3","","12.7","","18.5","","0.0","","0.5","","","","","","0.0","","","","","","",""
"-114.00","51.11","CALGARY INT'L CS","3031094","2022-07-27","2022","07","27","","27.8","","13.3","","20.5","","0.0","","2.5","","","","","","0.0","","","","2","","36",""
"-114.00","51.11","CALGARY INT'L CS","3031094","2022-07-28","2022","07","28","","30.5","","13.9","","22.2","","0.0","","4.2","","","","","","0.0","","","","14","","34",""
"-114.00","51.11","CALGARY INT'L CS","3031094","2022-07-29","2022","07","29","","31.5","","14.9","","23.2","","0.0","","5.2","","","","","","2.1","","","","31","","62",""
"-114.00","51.11","CALGARY INT'L CS","3031094","2022-07-30","2022","07","30","","27.4","","13.6","","20.5","","0.0","","2.5","","","","","","2.6","","","","35","","52",""
"-114.00","51.11","CALGARY INT'L CS","3031094","2022-07-31","2022","07","31","","28.9","","12.0","","20.5","","0.0","","2.5","","","","","","0.0","","","","4","","33",""
"-114.00","51.11","CALGARY INT'L CS","3031094","2022-08-01","2022","08","01","","29.9","","13.8","","21.8","","0.0","","3.8","","","","","","0.0","","","","1","","69",""
"-114.00","51.11","CALGARY INT'L CS","3031094","2022-08-02","2022","08","02","","23.3","","12.4","","17.8","","0.2","","0.0","","","","","","0.0","","","","35","","45",""
"-114.00","51.11","CALGARY INT'L CS","3031094","2022-08-03","2022","08","03","","27.9","","12.5","","20.2","","0.0","","2.2","","","","","","0.0","","","","2","","32",""
"-114.00","51.11","CALGARY INT'L CS","3031094","2022-08-04","2022","08","04","","20.2","","8.6","","14.4","","3.6","","0.0","","","","","","0.0","","","","36","","42",""
"-114.00","51.11","CALGARY INT'L CS","3031094","2022-08-05","2022","08","05","","18.1","","7.6","","12.9","","5.1","","0.0","","","","","","0.0","","","","33","","47",""
"-114.00","51.11","CALGARY INT'L CS","3031094","2022-08-06","2022","08","06","","25.6","","6.9","","16.2","","1.8","","0.0","","","","","","0.0","","","","19","","39",""
"-114.00","51.11","CALGARY INT'L CS","3031094","2022-08-07","2022","08","07","","29.7","","11.5","","20.6","","0.0","","2.6","","","","","","0.0","","","","16","","33",""
"-114.00","51.11","CALGARY INT'L CS","3031094","2022-08-08","2022","08","08","","29.1","","11.9","","20.5","","0.0","","2.5","","","","","","0.0","","","","34","","47",""
"-114.00","51.11","CALGARY INT'L CS","3031094","2022-08-09","2022","08","09","","27.4","","11.9","","19.6","","0.0","","1.6","","","","","","0.0","","","","15","","39",""
"-114.00","51.11","CALGARY INT'L CS","3031094","2022-08-10","2022","08","10","","27.8","","15.0","","21.4","","0.0","","3.4","","","","","","0.0","","","","18","","32",""
"-114.00","51.11","CALGARY INT'L CS","3031094","2022-08-11","2022","08","11","","30.9","","14.9","","22.9","","0.0","","4.9","","","","","","0.0","","","","1","","50",""
"-114.00","51.11","CALGARY INT'L CS","3031094","2022-08-12","2022","08","12","","31.2","","13.1","","22.1","","0.0","","4.1","","","","","","4.2","","","","32","","73",""
"-114.00","51.11","CALGARY INT'L CS","3031094","2022-08-13","2022","08","13","","30.5","","12.6","","21.5","","0.0","","3.5","","","","","","0.0","","","","25","","38",""
"-114.00","51.11","CALGARY INT'L CS","3031094","2022-08-14","2022","08","14","","28.2","","10.7","","19.4","","0.0","","1.4","","","","","","0.0","","","","17","","32",""
"-114.00","51.11","CALGARY INT'L CS","3031094","2022-08-15","2022","08","15","","26.8","","10.4","","18.6","","0.0","","0.6","","","","","","0.0","","","","","","",""
"-114.00","51.11","CALGARY INT'L CS","3031094","2022-08-16","2022","08","16","","31.2","","10.2","","20.7","","0.0","","2.7","","","","","","0.6","","","","1","","57",""
"-114.00","51.11","CALGARY INT'L CS","3031094","2022-08-17","2022","08","17","","26.9","","11.7","","19.3","","0.0","","1.3","","","","","","0.0","","","","","","",""
"-114.00","51.11","CALGARY INT'L CS","3031094","2022-08-18","2022","08","18","","30.7","","11.9","","21.3","","0.0","","3.3","","","","","","0.0","","","","17","","35",""
"-114.00","51.11","CALGARY INT'L CS","3031094","2022-08-19","2022","08","19","","31.8","","13.9","","22.8","","0.0","","4.8","","","","","","0.0","","","","17","","40",""
"-114.00","51.11","CALGARY INT'L CS","3031094","2022-08-20","2022","08","20","","27.2","","13.4","","20.3","","0.0","","2.3","","","","","","0.0","","","","","","",""
"-114.00","51.11","CALGARY INT'L CS","3031094","2022-08-21","2022","08","21","","25.9","","14.3","","20.1","","0.0","","2.1","","","","","","2.8","","","","36","","41",""
"-114.00","51.11","CALGARY INT'L CS","3031094","2022-08-22","2022","08","22","","27.1","","11.9","","19.5","","0.0","","1.5","","","","","","8.0","","","","27","","54",""
"-114.00","51.11","CALGARY INT'L CS","3031094","2022-08-23","2022","08","23","","17.9","","14.3","","16.1","","1.9","","0.0","","","","","","1.1","","","","28","","43",""
"-114.00","51.11","CALGARY INT'L CS","3031094","2022-08-24","2022","08","24","","24.5","","12.1","","18.3","","0.0","","0.3","","","","","","0.0","","","","20","","32",""
"-114.00","51.11","CALGARY INT'L CS","3031094","2022-08-25","2022","08","25","","24.2","","9.2","","16.7","","1.3","","0.0","","","","","","0.0","","","","","","",""
"-114.00","51.11","CALGARY INT'L CS","3031094","2022-08-26","2022","08","26","","27.7","","10.4","","19.0","","0.0","","1.0","","","","","","0.0","","","","29","","50",""
"-114.00","51.11","CALGARY INT'L CS","3031094","2022-08-27","2022","08","27","","19.5","","10.5","","15.0","","3.0","","0.0","","","","","","9.9","","","","33","","58",""
"-114.00","51.11","CALGARY INT'L CS","3031094","2022-08-28","2022","08","28","","22.0","","8.1","","15.1","","2.9","","0.0","","","","","","0.0","","","","29","","32",""
"-114.00","51.11","CALGARY INT'L CS","3031094","2022-08-29","2022","08","29","","27.2","","7.7","","17.5","","0.5","","0.0","","","","","","0.0","","","","28","","38",""
"-114.00","51.11","CALGARY INT'L CS","3031094","2022-08-30","2022","08","30","","30.6","","11.5","","21.1","","0.0","","3.1","","","","","","0.0","","","","","","",""
"-114.00","51.11","CALGARY INT'L CS","3031094","2022-08-31","2022","08","31","","31.6","","12.4","","22.0","","0.0","","4.0","","","","","","0.0","","","","","","",""
"-114.00","51.11","CALGARY INT'L CS","3031094","2022-09-01","2022","09","01","","25.8","","12.1","","19.0","","0.0","","1.0","","","","","","0.0","","","","3","","33",""
"-114.00","51.11","CALGARY INT'L CS","3031094","2022-09-02","2022","09","02","","30.3","","10.2","","20.2","","0.0","","2.2","","","","","","0.0","","","","15","","33",""
"-114.00","51.11","CALGARY INT'L CS","3031094","2022-09-03","2022","09","03","","33.1","","9.9","","21.5","","0.0","","3.5","","","","","","0.0","","","","","","",""
"-114.00","51.11","CALGARY INT'L CS","3031094","2022-09-04","2022","09","04","","31.7","","16.9","","24.3","","0.0","","6.3","","","","","","0.0","","","","30","","38",""
"-114.00","51.11","CALGARY INT'L CS","3031094","2022-09-05","2022","09","05","","22.4","","9.2","","15.8","","2.2","","0.0","","","","","","0.0","","","","34","","48",""
"-114.00","51.11","CALGARY INT'L CS","3031094","2022-09-06","2022","09","06","","23.0","","4.4","","13.7","","4.3","","0.0","","","","","","0.0","","","","17","","42",""
"-114.00","51.11","CALGARY INT'L CS","3031094","2022-09-07","2022","09","07","","29.4","","7.8","","18.6","","0.0","","0.6","","","","","","0.0","","","","36","","52",""
"-114.00","51.11","CALGARY INT'L CS","3031094","2022-09-08","2022","09","08","","16.2","","7.5","","11.8","","6.2","","0.0","","","","","","0.8","","","","34","","40",""
"-114.00","51.11","CALGARY INT'L CS","3031094","2022-09-09","2022","09","09","","16.6","","6.2","","11.4","","6.6","","0.0","","","","","","2.4","","","","33","","50",""
"-114.00","51.11","CALGARY INT'L CS","3031094","2022-09-10","2022","09","10","","25.8","","2.4","","14.1","","3.9","","0.0","","","","","","0.0","","","","","","",""
"-114.00","51.11","CALGARY INT'L CS","3031094","2022-09-11","2022","09","11","","29.0","","7.5","","18.3","","0.0","","0.3","","","","","","0.0","","","","29","","34",""
"-114.00","51.11","CALGARY INT'L CS","3031094","2022-09-12","2022","09","12","","20.0","","10.5","","15.2","","2.8","","0.0","","","","","","0.0","","","","35","","36",""
"-114.00","51.11","CALGARY INT'L CS","3031094","2022-09-13","2022","09","13","","19.7","","9.3","","14.5","","3.5","","0.0","","","","","","0.0","","","","20","","32",""
"-114.00","51.11","CALGARY INT'L CS","3031094","2022-09-14","2022","09","14","","20.8","","8.8","","14.8","","3.2","","0.0","","","","","","0.0","","","","","","",""
"-114.00","51.11","CALGARY INT'L CS","3031094","2022-09-15","2022","09","15","","23.5","","5.9","","14.7","","3.3","","0.0","","","","","","0.0","","","","21","","31",""
"-114.00","51.11","CALGARY INT'L CS","3031094","2022-09-16","2022","09","16","","22.0","","6.7","","14.3","","3.7","","0.0","","","","","","0.0","","","","","","",""
"-114.00","51.11","CALGARY INT'L CS","3031094","2022-09-17","2022","09","17","","17.8","","6.3","","12.1","","5.9","","0.0","","","","","","0.0","","","","30","","40",""
"-114.00","51.11","CALGARY INT'L CS","3031094","2022-09-18","2022","09","18","","18.4","","1.9","","10.1","","7.9","","0.0","","","","","","0.0","","","","","","",""
"-114.00","51.11","CALGARY INT'L CS","3031094","2022-09-19","2022","09","19","","11.8","","3.4","","7.6","","10.4","","0.0","","","","","","7.5","","","","35","","51",""
"-114.00","51.11","CALGARY INT'L CS","3031094","2022-09-20","2022","09","20","","13.8","","0.7","","7.2","","10.8","","0.0","","","","","","0.0","","","","","","",""
"-114.00","51.11","CALGARY INT'L CS","3031094","2022-09-21","2022","09","21","","16.4","","-0.4","","8.0","","10.0","","0.0","","","","","","0.0","","","","17","","47",""
"-114.00","51.11","CALGARY INT'L CS","3031094","2022-09-22","2022","09","22","","17.2","","3.0","","10.1","","7.9","","0.0","","","","","","0.0","","","","18","","32",""
"-114.00","51.11","CALGARY INT'L CS","3031094","2022-09-23","2022","09","23","","19.8","","3.7","","11.8","","6.2","","0.0","","","","","","0.0","","","","28","","48",""
"-114.00","51.11","CALGARY INT'L CS","3031094","2022-09-24","2022","09","24","","21.4","","7.0","","14.2","","3.8","","0.0","","","","","","0.0","","","","33","","32",""
"-114.00","51.11","CALGARY INT'L CS","3031094","2022-09-25","2022","09","25","","23.2","","1.9","","12.5","","5.5","","0.0","","","","","","0.0","","","","","","",""
"-114.00","51.11","CALGARY INT'L CS","3031094","2022-09-26","2022","09","26","","25.2","","4.7","","14.9","","3.1","","0.0","","","","","","0.0","","","","20","","38",""
"-114.00","51.11","CALGARY INT'L CS","3031094","2022-09-27","2022","09","27","","27.2","","7.0","","17.1","","0.9","","0.0","","","","","","0.0","","","","27","","33",""
"-114.00","51.11","CALGARY INT'L CS","3031094","2022-09-28","2022","09","28","","28.4","","7.0","","17.7","","0.3","","0.0","","","","","","0.0","","","","","","",""
"-114.00","51.11","CALGARY INT'L CS","3031094","2022-09-29","2022","09","29","","20.8","","9.6","","15.2","","2.8","","0.0","","","","","","0.0","","","","33","","48",""
"-114.00","51.11","CALGARY INT'L CS","3031094","2022-09-30","2022","09","30","","16.2","","8.4","","12.3","","5.7","","0.0","","","","","","0.0","","","","34","","44",""
"-114.00","51.11","CALGARY INT'L CS","3031094","2022-10-01","2022","10","01","","21.8","","3.2","","12.5","","5.5","","0.0","","","","","","0.0","","","","","","",""
"-114.00","51.11","CALGARY INT'L CS","3031094","2022-10-02","2022","10","02","","23.3","","3.6","","13.4","","4.6","","0.0","","","","","","0.0","","","","","","",""
"-114.00","51.11","CALGARY INT'L CS","3031094","2022-10-03","2022","10","03","","23.4","","5.7","","14.6","","3.4","","0.0","","","","","","0.0","","","","","","",""
"-114.00","51.11","CALGARY INT'L CS","3031094","2022-10-04","2022","10","04","","23.0","","6.0","","14.5","","3.5","","0.0","","","","","","0.0","","","","","","",""
"-114.00","51.11","CALGARY INT'L CS","3031094","2022-10-05","2022","10","05","","18.0","","3.7","","10.9","","7.1","","0.0","","","","","","0.3","","","","10","","38",""
"-114.00","51.11","CALGARY INT'L CS","3031094","2022-10-06","2022","10","06","","16.4","","1.6","","9.0","","9.0","","0.0","","","","","","0.0","","","","","","",""
"-114.00","51.11","CALGARY INT'L CS","3031094","2022-10-07","2022","10","07","","20.9","","1.6","","11.3","","6.7","","0.0","","","","","","0.0","","","","","","",""
"-114.00","51.11","CALGARY INT'L CS","3031094","2022-10-08","2022","10","08","","23.2","","2.9","","13.0","","5.0","","0.0","","","","","","0.0","","","","","","",""
"-114.00","51.11","CALGARY INT'L CS","3031094","2022-10-09","2022","10","09","","20.7","","4.0","","12.4","","5.6","","0.0","","","","","","0.0","","","","","","",""
"-114.00","51.11","CALGARY INT'L CS","3031094","2022-10-10","2022","10","10","","22.3","","5.2","","13.7","","4.3","","0.0","","","","","","2.9","","","","26","","63",""
"-114.00","51.11","CALGARY INT'L CS","3031094","2022-10-11","2022","10","11","","13.4","","0.6","","7.0","","11.0","","0.0","","","","","","0.0","","","","1","","37",""
"-114.00","51.11","CALGARY INT'L CS","3031094","2022-10-12","2022","10","12","","13.3","","1.9","","7.6","","10.4","","0.0","","","","","","0.0","","","","34","","39",""
"-114.00","51.11","CALGARY INT'L CS","3031094","2022-10-13","2022","10","13","","21.6","","-1.8","","9.9","","8.1","","0.0","","","","","","0.0","","","","","","",""
"-114.00","51.11","CALGARY INT'L CS","3031094","2022-10-14","2022","10","14","","19.7","","4.7","","12.2","","5.8","","0.0","","","","","","0.0","","","","34","","58",""
"-114.00","51.11","CALGARY INT'L CS","3031094","2022-10-15","2022","10","15","","16.2","","-0.2","","8.0","","10.0","","0.0","","","","","","0.0","","","","","","",""
"-114.00","51.11","CALGARY INT'L CS","3031094","2022-10-16","2022","10","16","","19.5","","1.2","","10.3","","7.7","","0.0","","","","","","0.0","","","","","","",""
"-114.00","51.11","CALGARY INT'L CS","3031094","2022-10-17","2022","10","17","","25.8","","1.9","","13.8","","4.2","","0.0","","","","","","0.0","","","","","","",""
"-114.00","51.11","CALGARY INT'L CS","3031094","2022-10-18","2022","10","18","","24.9","","2.1","","13.5","","4.5","","0.0","","","","","","0.0","","","","","","",""
"-114.00","51.11","CALGARY INT'L CS","3031094","2022-10-19","2022","10","19","","24.9","","0.6","","12.8","","5.2","","0.0","","","","","","0.0","","","","","","",""
"-114.00","51.11","CALGARY INT'L CS","3031094","2022-10-20","2022","10","20","","17.5","","5.0","","11.3","","6.7","","0.0","","","","","","0.0","","","","35","","59",""
"-114.00","51.11","CALGARY INT'L CS","3031094","2022-10-21","2022","10","21","","5.8","","1.1","","3.5","","14.5","","0.0","","","","","","2.1","","","","35","","38",""
"-114.00","51.11","CALGARY INT'L CS","3031094","2022-10-22","2022","10","22","","1.2","","-0.2","","0.5","","17.5","","0.0","","","","","","14.1","","6","","","","",""
"-114.00","51.11","CALGARY INT'L CS","3031094","2022-10-23","2022","10","23","","3.7","","-4.1","","-0.2","","18.2","","0.0","","","","","","2.3","","11","","","","",""
"-114.00","51.11","CALGARY INT'L CS","3031094","2022-10-24","2022","10","24","","6.9","","-6.7","","0.1","","17.9","","0.0","","","","","","0.0","","7","","","","",""
"-114.00","51.11","CALGARY INT'L CS","3031094","2022-10-25","2022","10","25","","3.4","","-4.9","","-0.8","","18.8","","0.0","","","","","","0.0","","6","","35","","40",""
"-114.00","51.11","CALGARY INT'L CS","3031094","2022-10-26","2022","10","26","","8.1","","-4.6","","1.7","","16.3","","0.0","","","","","","0.0","","4","","28","","40",""
"-114.00","51.11","CALGARY INT'L CS","3031094","2022-10-27","2022","10","27","","12.2","","3.3","","7.8","","10.2","","0.0","","","","","","0.0","","1","","27","","73",""
"-114.00","51.11","CALGARY INT'L CS","3031094","2022-10-28","2022","10","28","","12.1","","-1.9","","5.1","","12.9","","0.0","","","","","","0.0","","","","29","","44",""
"-114.00","51.11","CALGARY INT'L CS","3031094","2022-10-29","2022","10","29","","12.8","","-2.9","","4.9","","13.1","","0.0","","","","","","0.0","","","","26","","36",""
"-114.00","51.11","CALGARY INT'L CS","3031094","2022-10-30","2022","10","30","","13.5","","3.1","","8.3","","9.7","","0.0","","","","","","0.0","","","","27","","71",""
"-114.00","51.11","CALGARY INT'L CS","3031094","2022-10-31","2022","10","31","","7.5","","0.0","","3.8","","14.2","","0.0","","","","","","0.0","","","","3","","35",""
"-114.00","51.11","CALGARY INT'L CS","3031094","2022-11-01","2022","11","01","","3.4","","-3.6","","-0.1","","18.1","","0.0","","","","","","4.9","","","","34","","39",""
"-114.00","51.11","CALGARY INT'L CS","3031094","2022-11-02","2022","11","02","","-3.4","","-9.7","","-6.5","","24.5","","0.0","","","","","","2.1","","9","","35","","60",""
"-114.00","51.11","CALGARY INT'L CS","3031094","2022-11-03","2022","11","03","","-0.7","","-16.7","","-8.7","","26.7","","0.0","","","","","","0.0","","4","","","","",""
"-114.00","51.11","CALGARY INT'L CS","3031094","2022-11-04","2022","11","04","","","M","","M","","M","","M","","M","","","","","","M","3","","","M","","M"
"-114.00","51.11","CALGARY INT'L CS","3031094","2022-11-05","2022","11","05","","-1.4","","-10.5","","-6.0","","24.0","","0.0","","","","","","1.1","","2","","34","","64",""
"-114.00","51.11","CALGARY INT'L CS","3031094","2022-11-06","2022","11","06","","-10.5","","-15.2","","-12.8","","30.8","","0.0","","","","","","0.2","","6","","34","","38",""
"-114.00","51.11","CALGARY INT'L CS","3031094","2022-11-07","2022","11","07","","-15.2","","-20.3","","-17.7","","35.7","","0.0","","","","","","4.8","","6","","","","",""
"-114.00","51.11","CALGARY INT'L CS","3031094","2022-11-08","2022","11","08","","-15.9","","-24.1","","-20.0","","38.0","","0.0","","","","","","0.0","","16","","","","",""
"-114.00","51.11","CALGARY INT'L CS","3031094","2022-11-09","2022","11","09","","-15.5","","-23.8","","-19.6","","37.6","","0.0","","","","","","0.0","","15","","","","",""
"-114.00","51.11","CALGARY INT'L CS","3031094","2022-11-10","2022","11","10","","-4.1","","-20.0","","-12.0","","30.0","","0.0","","","","","","0.0","","15","","","","",""
"-114.00","51.11","CALGARY INT'L CS","3031094","2022-11-11","2022","11","11","","0.2","","-14.9","","-7.4","","25.4","","0.0","","","","","","0.0","","15","","","","",""
"-114.00","51.11","CALGARY INT'L CS","3031094","2022-11-12","2022","11","12","","-0.8","","-14.1","","-7.5","","25.5","","0.0","","","","","","0.0","","15","","35","","36",""
"-114.00","51.11","CALGARY INT'L CS","3031094","2022-11-13","2022","11","13","","2.2","","-12.8","","-5.3","","23.3","","0.0","","","","","","0.0","","14","","34","","39",""
"-114.00","51.11","CALGARY INT'L CS","3031094","2022-11-14","2022","11","14","","1.8","","-8.5","","-3.3","","21.3","","0.0","","","","","","0.0","","14","","32","","42",""
"-114.00","51.11","CALGARY INT'L CS","3031094","2022-11-15","2022","11","15","","5.2","","-8.6","","-1.7","","19.7","","0.0","","","","","","0.0","","14","","34","","49",""
"-114.00","51.11","CALGARY INT'L CS","3031094","2022-11-16","2022","11","16","","0.5","","-7.4","","-3.5","","21.5","","0.0","","","","","","0.0","","13","","34","","65",""
"-114.00","51.11","CALGARY INT'L CS","3031094","2022-11-17","2022","11","17","","-6.2","","-14.2","","-10.2","","28.2","","0.0","","","","","","0.0","","13","","35","","53",""
"-114.00","51.11","CALGARY INT'L CS","3031094","2022-11-18","2022","11","18","","0.0","","-12.5","","-6.2","","24.2","","0.0","","","","","","0.0","","13","","33","","41",""
"-114.00","51.11","CALGARY INT'L CS","3031094","2022-11-19","2022","11","19","","7.7","","-13.6","","-2.9","","20.9","","0.0","","","","","","0.0","","12","","30","","31",""
"-114.00","51.11","CALGARY INT'L CS","3031094","2022-11-20","2022","11","20","","4.5","","-8.6","","-2.1","","20.1","","0.0","","","","","","0.0","","12","","","","",""
"-114.00","51.11","CALGARY INT'L CS","3031094","2022-11-21","2022","11","21","","8.1","","-6.7","","0.7","","17.3","","0.0","","","","","","0.0","","13","","27","","43",""
"-114.00","51.11","CALGARY INT'L CS","3031094","2022-11-22","2022","11","22","","8.6","","2.1","","5.3","","12.7","","0.0","","","","","","0.0","","12","","27","","46",""
"-114.00","51.11","CALGARY INT'L CS","3031094","2022-11-23","2022","11","23","","5.7","","-1.7","","2.0","","16.0","","0.0","","","","","","0.9","","11","","35","","48",""
"-114.00","51.11","CALGARY INT'L CS","3031094","2022-11-24","2022","11","24","","9.8","","-0.1","","4.8","","13.2","","0.0","","","","","","0.0","","10","","27","","62",""
"-114.00","51.11","CALGARY INT'L CS","3031094","2022-11-25","2022","11","25","","11.3","","-1.7","","4.8","","13.2","","0.0","","","","","","0.0","","6","","26","","67",""
"-114.00","51.11","CALGARY INT'L CS","3031094","2022-11-26","2022","11","26","","5.2","","-4.6","","0.3","","17.7","","0.0","","","","","","0.0","","0","","26","","58",""
"-114.00","51.11","CALGARY INT'L CS","3031094","2022-11-27","2022","11","27","","3.2","","-10.9","","-3.9","","21.9","","0.0","","","","","","0.7","","","","35","","55",""
"-114.00","51.11","CALGARY INT'L CS","3031094","2022-11-28","2022","11","28","","-10.9","","-14.4","","-12.6","","30.6","","0.0","","","","","","0.0","","","","34","","59",""
"-114.00","51.11","CALGARY INT'L CS","3031094","2022-11-29","2022","11","29","","-14.4","","-18.9","","-16.6","","34.6","","0.0","","","","","","0.0","","","","34","","48",""
"-114.00","51.11","CALGARY INT'L CS","3031094","2022-11-30","2022","11","30","","-15.9","","-20.5","","-18.2","","36.2","","0.0","","","","","","0.6","","","","35","","34",""
"-114.00","51.11","CALGARY INT'L CS","3031094","2022-12-01","2022","12","01","","-20.3","","-24.9","","-22.6","","40.6","","0.0","","","","","","0.9","","","","34","","33",""
"-114.00","51.11","CALGARY INT'L CS","3031094","2022-12-02","2022","12","02","","-15.5","","-26.4","","-21.0","","39.0","","0.0","","","","","","0.0","","1","","","","",""
"-114.00","51.11","CALGARY INT'L CS","3031094","2022-12-03","2022","12","03","","-0.5","","-19.8","","-10.1","","28.1","","0.0","","","","","","0.0","","1","","28","","40",""
"-114.00","51.11","CALGARY INT'L CS","3031094","2022-12-04","2022","12","04","","2.2","","-7.4","","-2.6","","20.6","","0.0","","","","","","0.7","","0","","29","","51",""
"-114.00","51.11","CALGARY INT'L CS","3031094","2022-12-05","2022","12","05","","-6.9","","-19.5","","-13.2","","31.2","","0.0","","","","","","0.9","","2","","36","","61",""
"-114.00","51.11","CALGARY INT'L CS","3031094","2022-12-06","2022","12","06","","-19.5","","-23.2","","-21.4","","39.4","","0.0","","","","","","1.8","","3","","19","","32",""
"-114.00","51.11","CALGARY INT'L CS","3031094","2022-12-07","2022","12","07","","2.9","","-22.5","","-9.8","","27.8","","0.0","","","","","","0.0","","4","","27","","46",""
"-114.00","51.11","CALGARY INT'L CS","3031094","2022-12-08","2022","12","08","","0.4","","-10.8","","-5.2","","23.2","","0.0","","","","","","0.0","","3","","","","",""
"-114.00","51.11","CALGARY INT'L CS","3031094","2022-12-09","2022","12","09","","0.7","","-13.8","","-6.5","","24.5","","0.0","","","","","","0.0","","3","","29","","32",""
"-114.00","51.11","CALGARY INT'L CS","3031094","2022-12-10","2022","12","10","","-2.7","","-15.1","","-8.9","","26.9","","0.0","","","","","","0.0","","3","","","","",""
"-114.00","51.11","CALGARY INT'L CS","3031094","2022-12-11","2022","12","11","","-7.5","","-16.8","","-12.1","","30.1","","0.0","","","","","","0.0","","3","","35","","33",""
"-114.00","51.11","CALGARY INT'L CS","3031094","2022-12-12","2022","12","12","","-9.8","","-17.2","","-13.5","","31.5","","0.0","","","","","","0.0","","3","","","","",""
"-114.00","51.11","CALGARY INT'L CS","3031094","2022-12-13","2022","12","13","","1.9","","-17.0","","-7.6","","25.6","","0.0","","","","","","0.2","","2","","36","","38",""
"-114.00","51.11","CALGARY INT'L CS","3031094","2022-12-14","2022","12","14","","-0.4","","-13.9","","-7.2","","25.2","","0.0","","","","","","0.0","","3","","35","","51",""
"-114.00","51.11","CALGARY INT'L CS","3031094","2022-12-15","2022","12","15","","-1.1","","-14.5","","-7.8","","25.8","","0.0","","","","","","0.0","","3","","34","","43",""
"-114.00","51.11","CALGARY INT'L CS","3031094","2022-12-16","2022","12","16","","0.6","","-13.4","","-6.4","","24.4","","0.0","","","","","","0.0","","3","","","","",""
"-114.00","51.11","CALGARY INT'L CS","3031094","2022-12-17","2022","12","17","","-2.3","","-21.6","","-12.0","","30.0","","0.0","","","","","","0.6","","6","","1","","56",""
"-114.00","51.11","CALGARY INT'L CS","3031094","2022-12-18","2022","12","18","","-20.8","","-25.0","","-22.9","","40.9","","0.0","","","","","","0.3","","6","","34","","46",""
"-114.00","51.11","CALGARY INT'L CS","3031094","2022-12-19","2022","12","19","","-24.7","","-31.7","","-28.2","","46.2","","0.0","","","","","","0.0","","7","","33","","40",""
"-114.00","51.11","CALGARY INT'L CS","3031094","2022-12-20","2022","12","20","","-28.3","","-32.3","","-30.3","","48.3","","0.0","","","","","","1.1","","7","","","","",""
"-114.00","51.11","CALGARY INT'L CS","3031094","2022-12-21","2022","12","21","","-27.3","","-31.7","","-29.5","","47.5","","0.0","","","","","","0.0","","10","","34","","38",""
"-114.00","51.11","CALGARY INT'L CS","3031094","2022-12-22","2022","12","22","","-22.9","","-32.7","","-27.8","","45.8","","0.0","","","","","","0.0","","9","","","","",""
"-114.00","51.11","CALGARY INT'L CS","3031094","2022-12-23","2022","12","23","","-18.5","","-28.2","","-23.4","","41.4","","0.0","","","","","","1.0","","9","","","","",""
"-114.00","51.11","CALGARY INT'L CS","3031094","2022-12-24","2022","12","24","","5.4","","-23.7","","-9.1","","27.1","","0.0","","","","","","0.0","","9","","29","","55",""
"-114.00","51.11","CALGARY INT'L CS","3031094","2022-12-25","2022","12","25","","5.5","","-9.7","","-2.1","","20.1","","0.0","","","","","","0.0","","8","","29","","64",""
"-114.00","51.11","CALGARY INT'L CS","3031094","2022-12-26","2022","12","26","","8.6","","-4.3","","2.2","","15.8","","0.0","","","","","","0.0","","8","","27","","46",""
"-114.00","51.11","CALGARY INT'L CS","3031094","2022-12-27","2022","12","27","","4.9","","-2.0","","1.4","","16.6","","0.0","","","","","","0.6","","8","","","","",""
"-114.00","51.11","CALGARY INT'L CS","3031094","2022-12-28","2022","12","28","","-2.0","","-7.9","","-4.9","","22.9","","0.0","","","","","","0.3","","7","","","","",""
"-114.00","51.11","CALGARY INT'L CS","3031094","2022-12-29","2022","12","29","","-4.1","","-12.3","","-8.2","","26.2","","0.0","","","","","","0.0","","7","","","","",""
"-114.00","51.11","CALGARY INT'L CS","3031094","2022-12-30","2022","12","30","","2.4","","-7.9","","-2.7","","20.7","","0.0","","","","","","0.0","","7","","","","",""
"-114.00","51.11","CALGARY INT'L CS","3031094","2022-12-31","2022","12","31","","0.2","","-12.8","","-6.3","","24.3","","0.0","","","","","","0.0","","7","","","","",""
