"REF_DATE","GEO","DGUID","Products and product groups","UOM","UOM_ID","SCALAR_FACTOR","SCALAR_ID","VECTOR","COORDINATE","VALUE","STATUS","SYMBOL","TERMINATED","DECIMALS"
"2021-01","Ontario","2016A000235","All-items","2002=100","17","units","0","v41691919","14.2","139.5","","","","1"
"2021-02","Ontario","2016A000235","All-items","2002=100","17","units","0","v41691919","14.2","140.2","","","","1"
"2021-03","Ontario","2016A000235","All-items","2002=100","17","units","0","v41691919","14.2","141.0","","","","1"
"2021-04","Ontario","2016A000235","All-items","2002=100","17","units","0","v41691919","14.2","141.8","","","","1"
"2021-05","Ontario","2016A000235","All-items","2002=100","17","units","0","v41691919","14.2","142.6","","","","1"
"2021-06","Ontario","2016A000235","All-items","2002=100","17","units","0","v41691919","14.2","143.1","","","","1"
"2021-07","Ontario","2016A000235","All-items","2002=100","17","units","0","v41691919","14.2","143.7","","","","1"
"2021-08","Ontario","2016A000235","All-items","2002=100","17","units","0","v41691919","14.2","144.1","","","","1"
"2021-09","Ontario","2016A000235","All-items","2002=100","17","units","0","v41691919","14.2","144.4","","","","1"
"2021-10","Ontario","2016A000235","All-items","2002=100","17","units","0","v41691919","14.2","145.7","","","","1"
"2021-11","Ontario","2016A000235","All-items","2002=100","17","units","0","v41691919","14.2","146.0","","","","1"
"2021-12","Ontario","2016A000235","All-items","2002=100","17","units","0","v41691919","14.2","146.0","","","","1"
"2022-01","Ontario","2016A000235","All-items","2002=100","17","units","0","v41691919","14.2","147.4","","","","1"
"2022-02","Ontario","2016A000235","All-items","2002=100","17","units","0","v41691919","14.2","148.8","","","","1"
"2022-03","Ontario","2016A000235","All-items","2002=100","17","units","0","v41691919","14.2","150.8","","","","1"
"2022-04","Ontario","2016A000235","All-items","2002=100","17","units","0","v41691919","14.2","151.6","","","","1"
"2022-05","Ontario","2016A000235","All-items","2002=100","17","units","0","v41691919","14.2","153.7","","","","1"
"2022-06","Ontario","2016A000235","All-items","2002=100","17","units","0","v41691919","14.2","154.4","","","","1"
"2022-07","Ontario","2016A000235","All-items","2002=100","17","units","0","v41691919","14.2","154.6","","","","1"
"2022-08","Ontario","2016A000235","All-items","2002=100","17","units","0","v41691919","14.2","154.1","","","","1"
"2022-09","Ontario","2016A000235","All-items","2002=100","17","units","0","v41691919","14.2","154.1","","","","1"
"2022-10","Ontario","2016A000235","All-items","2002=100","17","units","0","v41691919","14.2","155.2","","","","1"
"2022-11","Ontario","2016A000235","All-items","2002=100","17","units","0","v41691919","14.2","155.4","","","","1"
"2022-12","Ontario","2016A000235","All-items","2002=100","17","units","0","v41691919","14.2","154.8","","","","1"
"2023-01","Ontario","2016A000235","All-items","2002=100","17","units","0","v41691919","14.2","155.7","","","","1"
"2023-02","Ontario","2016A000235","All-items","2002=100","17","units","0","v41691919","14.2","156.4","","","","1"
"2023-03","Ontario","2016A000235","All-items","2002=100","17","units","0","v41691919","14.2","157.3","","","","1"
"2023-04","Ontario","2016A000235","All-items","2002=100","17","units","0","v41691919","14.2","157.9","","","","1"
"2023-05","Ontario","2016A000235","All-items","2002=100","17","units","0","v41691919","14.2","158.5","","","","1"
"2023-06","Ontario","2016A000235","All-items","2002=100","17","units","0","v41691919","14.2","158.4","","","","1"
"2023-07","Ontario","2016A000235","All-items","2002=100","17","units","0","v41691919","14.2","159.6","","","","1"
"2023-08","Ontario","2016A000235","All-items","2002=100","17","units","0","v41691919","14.2","159.9","","","","1"
"2023-09","Ontario","2016A000235","All-items","2002=100","17","units","0","v41691919","14.2","159.7","","","","1"
"2023-10","Ontario","2016A000235","All-items","2002=100","17","units","0","v41691919","14.2","160.3","","","","1"
"2023-11","Ontario","2016A000235","All-items","2002=100","17","units","0","v41691919","14.2","160.6","","","","1"
"2023-12","Ontario","2016A000235","All-items","2002=100","17","units","0","v41691919","14.2","160.0","","","","1"
"2024-01","Ontario","2016A000235","All-items","2002=100","17","units","0","v41691919","14.2","159.9","","","","1"
"2024-02","Ontario","2016A000235","All-items","2002=100","17","units","0","v41691919","14.2","160.2","","","","1"
"2024-03","Ontario","2016A000235","All-items","2002=100","17","units","0","v41691919","14.2","161.4","","","","1"
"2024-04","Ontario","2016A000235","All-items","2002=100","17","units","0","v41691919","14.2","162.2","","","","1"
"2024-05","Ontario","2016A000235","All-items","2002=100","17","units","0","v41691919","14.2","163.2","","","","1"
"2024-06","Ontario","2016A000235","All-items","2002=100","17","units","0","v41691919","14.2","163.1","","","","1"
"2024-07","Ontario","2016A000235","All-items","2002=100","17","units","0","v41691919","14.2","163.9","","","","1"
"2024-08","Ontario","2016A000235","All-items","2002=100","17","units","0","v41691919","14.2","163.3","","","","1"
"2024-09","Ontario","2016A000235","All-items","2002=100","17","units","0","v41691919","14.2","162.8","","","","1"
"2024-10","Ontario","2016A000235","All-items","2002=100","17","units","0","v41691919","14.2","163.5","","","","1"
"2024-11","Ontario","2016A000235","All-items","2002=100","17","units","0","v41691919","14.2","163.5","","","","1"
"2024-12","Ontario","2016A000235","All-items","2002=100","17","units","0","v41691919","14.2","162.7","","","","1"
"2025-01","Ontario","2016A000235","All-items","2002=100","17","units","0","v41691919","14.2","162.6","","","","1"
"2025-02","Ontario","2016A000235","All-items","2002=100","17","units","0","v41691919","14.2","164.6","","","","1"
"2021-01","Ontario","2016A000235","Food","2002=100","17","units","0","v41691920","14.3","157.1","","","","1"
"2021-02","Ontario","2016A000235","Food","2002=100","17","units","0","v41691920","14.3","157.1","","","","1"
"2021-03","Ontario","2016A000235","Food","2002=100","17","units","0","v41691920","14.3","157.6","","","","1"
"2021-04","Ontario","2016A000235","Food","2002=100","17","units","0","v41691920","14.3","157.2","","","","1"
"2021-05","Ontario","2016A000235","Food","2002=100","17","units","0","v41691920","14.3","158.1","","","","1"
"2021-06","Ontario","2016A000235","Food","2002=100","17","units","0","v41691920","14.3","158.1","","","","1"
"2021-07","Ontario","2016A000235","Food","2002=100","17","units","0","v41691920","14.3","159.2","","","","1"
"2021-08","Ontario","2016A000235","Food","2002=100","17","units","0","v41691920","14.3","160.0","","","","1"
"2021-09","Ontario","2016A000235","Food","2002=100","17","units","0","v41691920","14.3","160.3","","","","1"
"2021-10","Ontario","2016A000235","Food","2002=100","17","units","0","v41691920","14.3","160.6","","","","1"
"2021-11","Ontario","2016A000235","Food","2002=100","17","units","0","v41691920","14.3","162.8","","","","1"
"2021-12","Ontario","2016A000235","Food","2002=100","17","units","0","v41691920","14.3","164.1","","","","1"
"2022-01","Ontario","2016A000235","Food","2002=100","17","units","0","v41691920","14.3","166.7","","","","1"
"2022-02","Ontario","2016A000235","Food","2002=100","17","units","0","v41691920","14.3","168.8","","","","1"
"2022-03","Ontario","2016A000235","Food","2002=100","17","units","0","v41691920","14.3","170.5","","","","1"
"2022-04","Ontario","2016A000235","Food","2002=100","17","units","0","v41691920","14.3","171.6","","","","1"
"2022-05","Ontario","2016A000235","Food","2002=100","17","units","0","v41691920","14.3","173.4","","","","1"
"2022-06","Ontario","2016A000235","Food","2002=100","17","units","0","v41691920","14.3","173.2","","","","1"
"2022-07","Ontario","2016A000235","Food","2002=100","17","units","0","v41691920","14.3","174.6","","","","1"
"2022-08","Ontario","2016A000235","Food","2002=100","17","units","0","v41691920","14.3","175.9","","","","1"
"2022-09","Ontario","2016A000235","Food","2002=100","17","units","0","v41691920","14.3","176.9","","","","1"
"2022-10","Ontario","2016A000235","Food","2002=100","17","units","0","v41691920","14.3","176.4","","","","1"
"2022-11","Ontario","2016A000235","Food","2002=100","17","units","0","v41691920","14.3","178.8","","","","1"
"2022-12","Ontario","2016A000235","Food","2002=100","17","units","0","v41691920","14.3","180.4","","","","1"
"2023-01","Ontario","2016A000235","Food","2002=100","17","units","0","v41691920","14.3","183.5","","","","1"
"2023-02","Ontario","2016A000235","Food","2002=100","17","units","0","v41691920","14.3","184.6","","","","1"
"2023-03","Ontario","2016A000235","Food","2002=100","17","units","0","v41691920","14.3","185.2","","","","1"
"2023-04","Ontario","2016A000235","Food","2002=100","17","units","0","v41691920","14.3","185.3","","","","1"
"2023-05","Ontario","2016A000235","Food","2002=100","17","units","0","v41691920","14.3","187.0","","","","1"
"2023-06","Ontario","2016A000235","Food","2002=100","17","units","0","v41691920","14.3","186.5","","","","1"
"2023-07","Ontario","2016A000235","Food","2002=100","17","units","0","v41691920","14.3","187.2","","","","1"
"2023-08","Ontario","2016A000235","Food","2002=100","17","units","0","v41691920","14.3","187.0","","","","1"
"2023-09","Ontario","2016A000235","Food","2002=100","17","units","0","v41691920","14.3","186.7","","","","1"
"2023-10","Ontario","2016A000235","Food","2002=100","17","units","0","v41691920","14.3","186.5","","","","1"
"2023-11","Ontario","2016A000235","Food","2002=100","17","units","0","v41691920","14.3","187.9","","","","1"
"2023-12","Ontario","2016A000235","Food","2002=100","17","units","0","v41691920","14.3","187.8","","","","1"
"2024-01","Ontario","2016A000235","Food","2002=100","17","units","0","v41691920","14.3","189.5","","","","1"
"2024-02","Ontario","2016A000235","Food","2002=100","17","units","0","v41691920","14.3","189.3","","","","1"
"2024-03","Ontario","2016A000235","Food","2002=100","17","units","0","v41691920","14.3","189.4","","","","1"
"2024-04","Ontario","2016A000235","Food","2002=100","17","units","0","v41691920","14.3","189.2","","","","1"
"2024-05","Ontario","2016A000235","Food","2002=100","17","units","0","v41691920","14.3","190.7","","","","1"
"2024-06","Ontario","2016A000235","Food","2002=100","17","units","0","v41691920","14.3","192.3","","","","1"
"2024-07","Ontario","2016A000235","Food","2002=100","17","units","0","v41691920","14.3","192.7","","","","1"
"2024-08","Ontario","2016A000235","Food","2002=100","17","units","0","v41691920","14.3","192.4","","","","1"
"2024-09","Ontario","2016A000235","Food","2002=100","17","units","0","v41691920","14.3","192.5","","","","1"
"2024-10","Ontario","2016A000235","Food","2002=100","17","units","0","v41691920","14.3","193.1","","","","1"
"2024-11","Ontario","2016A000235","Food","2002=100","17","units","0","v41691920","14.3","193.9","","","","1"
"2024-12","Ontario","2016A000235","Food","2002=100","17","units","0","v41691920","14.3","188.3","","","","1"
"2025-01","Ontario","2016A000235","Food","2002=100","17","units","0","v41691920","14.3","186.1","","","","1"
"2025-02","Ontario","2016A000235","Food","2002=100","17","units","0","v41691920","14.3","190.8","","","","1"
"2021-01","Ontario","2016A000235","Shelter","2002=100","17","units","0","v41691952","14.79","151.1","","","","1"
"2021-02","Ontario","2016A000235","Shelter","2002=100","17","units","0","v41691952","14.79","151.9","","","","1"
"2021-03","Ontario","2016A000235","Shelter","2002=100","17","units","0","v41691952","14.79","153.5","","","","1"
"2021-04","Ontario","2016A000235","Shelter","2002=100","17","units","0","v41691952","14.79","154.6","","","","1"
"2021-05","Ontario","2016A000235","Shelter","2002=100","17","units","0","v41691952","14.79","155.7","","","","1"
"2021-06","Ontario","2016A000235","Shelter","2002=100","17","units","0","v41691952","14.79","156.9","","","","1"
"2021-07","Ontario","2016A000235","Shelter","2002=100","17","units","0","v41691952","14.79","157.2","","","","1"
"2021-08","Ontario","2016A000235","Shelter","2002=100","17","units","0","v41691952","14.79","157.4","","","","1"
"2021-09","Ontario","2016A000235","Shelter","2002=100","17","units","0","v41691952","14.79","158.4","","","","1"
"2021-10","Ontario","2016A000235","Shelter","2002=100","17","units","0","v41691952","14.79","159.8","","","","1"
"2021-11","Ontario","2016A000235","Shelter","2002=100","17","units","0","v41691952","14.79","160.5","","","","1"
"2021-12","Ontario","2016A000235","Shelter","2002=100","17","units","0","v41691952","14.79","161.5","","","","1"
"2022-01","Ontario","2016A000235","Shelter","2002=100","17","units","0","v41691952","14.79","161.8","","","","1"
"2022-02","Ontario","2016A000235","Shelter","2002=100","17","units","0","v41691952","14.79","162.8","","","","1"
"2022-03","Ontario","2016A000235","Shelter","2002=100","17","units","0","v41691952","14.79","164.8","","","","1"
"2022-04","Ontario","2016A000235","Shelter","2002=100","17","units","0","v41691952","14.79","166.4","","","","1"
"2022-05","Ontario","2016A000235","Shelter","2002=100","17","units","0","v41691952","14.79","167.2","","","","1"
"2022-06","Ontario","2016A000235","Shelter","2002=100","17","units","0","v41691952","14.79","167.4","","","","1"
"2022-07","Ontario","2016A000235","Shelter","2002=100","17","units","0","v41691952","14.79","168.8","","","","1"
"2022-08","Ontario","2016A000235","Shelter","2002=100","17","units","0","v41691952","14.79","168.6","","","","1"
"2022-09","Ontario","2016A000235","Shelter","2002=100","17","units","0","v41691952","14.79","169.4","","","","1"
"2022-10","Ontario","2016A000235","Shelter","2002=100","17","units","0","v41691952","14.79","170.7","","","","1"
"2022-11","Ontario","2016A000235","Shelter","2002=100","17","units","0","v41691952","14.79","171.6","","","","1"
"2022-12","Ontario","2016A000235","Shelter","2002=100","17","units","0","v41691952","14.79","172.0","","","","1"
"2023-01","Ontario","2016A000235","Shelter","2002=100","17","units","0","v41691952","14.79","172.8","","","","1"
"2023-02","Ontario","2016A000235","Shelter","2002=100","17","units","0","v41691952","14.79","173.1","","","","1"
"2023-03","Ontario","2016A000235","Shelter","2002=100","17","units","0","v41691952","14.79","173.8","","","","1"
"2023-04","Ontario","2016A000235","Shelter","2002=100","17","units","0","v41691952","14.79","174.0","","","","1"
"2023-05","Ontario","2016A000235","Shelter","2002=100","17","units","0","v41691952","14.79","174.6","","","","1"
"2023-06","Ontario","2016A000235","Shelter","2002=100","17","units","0","v41691952","14.79","175.4","","","","1"
"2023-07","Ontario","2016A000235","Shelter","2002=100","17","units","0","v41691952","14.79","176.3","","","","1"
"2023-08","Ontario","2016A000235","Shelter","2002=100","17","units","0","v41691952","14.79","177.2","","","","1"
"2023-09","Ontario","2016A000235","Shelter","2002=100","17","units","0","v41691952","14.79","177.7","","","","1"
"2023-10","Ontario","2016A000235","Shelter","2002=100","17","units","0","v41691952","14.79","179.8","","","","1"
"2023-11","Ontario","2016A000235","Shelter","2002=100","17","units","0","v41691952","14.79","180.2","","","","1"
"2023-12","Ontario","2016A000235","Shelter","2002=100","17","units","0","v41691952","14.79","181.3","","","","1"
"2024-01","Ontario","2016A000235","Shelter","2002=100","17","units","0","v41691952","14.79","181.8","","","","1"
"2024-02","Ontario","2016A000235","Shelter","2002=100","17","units","0","v41691952","14.79","182.5","","","","1"
"2024-03","Ontario","2016A000235","Shelter","2002=100","17","units","0","v41691952","14.79","183.4","","","","1"
"2024-04","Ontario","2016A000235","Shelter","2002=100","17","units","0","v41691952","14.79","183.7","","","","1"
"2024-05","Ontario","2016A000235","Shelter","2002=100","17","units","0","v41691952","14.79","185.2","","","","1"
"2024-06","Ontario","2016A000235","Shelter","2002=100","17","units","0","v41691952","14.79","185.5","","","","1"
"2024-07","Ontario","2016A000235","Shelter","2002=100","17","units","0","v41691952","14.79","185.9","","","","1"
"2024-08","Ontario","2016A000235","Shelter","2002=100","17","units","0","v41691952","14.79","186.4","","","","1"
"2024-09","Ontario","2016A000235","Shelter","2002=100","17","units","0","v41691952","14.79","186.6","","","","1"
"2024-10","Ontario","2016A000235","Shelter","2002=100","17","units","0","v41691952","14.79","187.7","","","","1"
"2024-11","Ontario","2016A000235","Shelter","2002=100","17","units","0","v41691952","14.79","188.1","","","","1"
"2024-12","Ontario","2016A000235","Shelter","2002=100","17","units","0","v41691952","14.79","188.8","","","","1"
"2025-01","Ontario","2016A000235","Shelter","2002=100","17","units","0","v41691952","14.79","189.4","","","","1"
"2025-02","Ontario","2016A000235","Shelter","2002=100","17","units","0","v41691952","14.79","189.8","","","","1"
"2021-01","Ontario","2016A000235","Household operations, furnishings and equipment","2002=100","17","units","0","v41691965","14.96","126.6","","","","1"
"2021-02","Ontario","2016A000235","Household operations, furnishings and equipment","2002=100","17","units","0","v41691965","14.96","126.5","","","","1"
"2021-03","Ontario","2016A000235","Household operations, furnishings and equipment","2002=100","17","units","0","v41691965","14.96","125.8","","","","1"
"2021-04","Ontario","2016A000235","Household operations, furnishings and equipment","2002=100","17","units","0","v41691965","14.96","126.8","","","","1"
"2021-05","Ontario","2016A000235","Household operations, furnishings and equipment","2002=100","17","units","0","v41691965","14.96","127.0","","","","1"
"2021-06","Ontario","2016A000235","Household operations, furnishings and equipment","2002=100","17","units","0","v41691965","14.96","126.9","","","","1"
"2021-07","Ontario","2016A000235","Household operations, furnishings and equipment","2002=100","17","units","0","v41691965","14.96","128.1","","","","1"
"2021-08","Ontario","2016A000235","Household operations, furnishings and equipment","2002=100","17","units","0","v41691965","14.96","128.4","","","","1"
"2021-09","Ontario","2016A000235","Household operations, furnishings and equipment","2002=100","17","units","0","v41691965","14.96","128.1","","","","1"
"2021-10","Ontario","2016A000235","Household operations, furnishings and equipment","2002=100","17","units","0","v41691965","14.96","129.1","","","","1"
"2021-11","Ontario","2016A000235","Household operations, furnishings and equipment","2002=100","17","units","0","v41691965","14.96","129.1","","","","1"
"2021-12","Ontario","2016A000235","Household operations, furnishings and equipment","2002=100","17","units","0","v41691965","14.96","129.0","","","","1"
"2022-01","Ontario","2016A000235","Household operations, furnishings and equipment","2002=100","17","units","0","v41691965","14.96","130.1","","","","1"
"2022-02","Ontario","2016A000235","Household operations, furnishings and equipment","2002=100","17","units","0","v41691965","14.96","130.6","","","","1"
"2022-03","Ontario","2016A000235","Household operations, furnishings and equipment","2002=100","17","units","0","v41691965","14.96","131.8","","","","1"
"2022-04","Ontario","2016A000235","Household operations, furnishings and equipment","2002=100","17","units","0","v41691965","14.96","132.4","","","","1"
"2022-05","Ontario","2016A000235","Household operations, furnishings and equipment","2002=100","17","units","0","v41691965","14.96","134.4","","","","1"
"2022-06","Ontario","2016A000235","Household operations, furnishings and equipment","2002=100","17","units","0","v41691965","14.96","134.8","","","","1"
"2022-07","Ontario","2016A000235","Household operations, furnishings and equipment","2002=100","17","units","0","v41691965","14.96","135.1","","","","1"
"2022-08","Ontario","2016A000235","Household operations, furnishings and equipment","2002=100","17","units","0","v41691965","14.96","135.0","","","","1"
"2022-09","Ontario","2016A000235","Household operations, furnishings and equipment","2002=100","17","units","0","v41691965","14.96","135.5","","","","1"
"2022-10","Ontario","2016A000235","Household operations, furnishings and equipment","2002=100","17","units","0","v41691965","14.96","136.0","","","","1"
"2022-11","Ontario","2016A000235","Household operations, furnishings and equipment","2002=100","17","units","0","v41691965","14.96","135.8","","","","1"
"2022-12","Ontario","2016A000235","Household operations, furnishings and equipment","2002=100","17","units","0","v41691965","14.96","135.5","","","","1"
"2023-01","Ontario","2016A000235","Household operations, furnishings and equipment","2002=100","17","units","0","v41691965","14.96","134.7","","","","1"
"2023-02","Ontario","2016A000235","Household operations, furnishings and equipment","2002=100","17","units","0","v41691965","14.96","136.2","","","","1"
"2023-03","Ontario","2016A000235","Household operations, furnishings and equipment","2002=100","17","units","0","v41691965","14.96","136.6","","","","1"
"2023-04","Ontario","2016A000235","Household operations, furnishings and equipment","2002=100","17","units","0","v41691965","14.96","137.1","","","","1"
"2023-05","Ontario","2016A000235","Household operations, furnishings and equipment","2002=100","17","units","0","v41691965","14.96","136.8","","","","1"
"2023-06","Ontario","2016A000235","Household operations, furnishings and equipment","2002=100","17","units","0","v41691965","14.96","135.4","","","","1"
"2023-07","Ontario","2016A000235","Household operations, furnishings and equipment","2002=100","17","units","0","v41691965","14.96","135.2","","","","1"
"2023-08","Ontario","2016A000235","Household operations, furnishings and equipment","2002=100","17","units","0","v41691965","14.96","135.5","","","","1"
"2023-09","Ontario","2016A000235","Household operations, furnishings and equipment","2002=100","17","units","0","v41691965","14.96","134.8","","","","1"
"2023-10","Ontario","2016A000235","Household operations, furnishings and equipment","2002=100","17","units","0","v41691965","14.96","135.2","","","","1"
"2023-11","Ontario","2016A000235","Household operations, furnishings and equipment","2002=100","17","units","0","v41691965","14.96","134.8","","","","1"
"2023-12","Ontario","2016A000235","Household operations, furnishings and equipment","2002=100","17","units","0","v41691965","14.96","133.9","","","","1"
"2024-01","Ontario","2016A000235","Household operations, furnishings and equipment","2002=100","17","units","0","v41691965","14.96","134.2","","","","1"
"2024-02","Ontario","2016A000235","Household operations, furnishings and equipment","2002=100","17","units","0","v41691965","14.96","132.9","","","","1"
"2024-03","Ontario","2016A000235","Household operations, furnishings and equipment","2002=100","17","units","0","v41691965","14.96","132.7","","","","1"
"2024-04","Ontario","2016A000235","Household operations, furnishings and equipment","2002=100","17","units","0","v41691965","14.96","134.4","","","","1"
"2024-05","Ontario","2016A000235","Household operations, furnishings and equipment","2002=100","17","units","0","v41691965","14.96","134.7","","","","1"
"2024-06","Ontario","2016A000235","Household operations, furnishings and equipment","2002=100","17","units","0","v41691965","14.96","134.9","","","","1"
"2024-07","Ontario","2016A000235","Household operations, furnishings and equipment","2002=100","17","units","0","v41691965","14.96","135.6","","","","1"
"2024-08","Ontario","2016A000235","Household operations, furnishings and equipment","2002=100","17","units","0","v41691965","14.96","134.6","","","","1"
"2024-09","Ontario","2016A000235","Household operations, furnishings and equipment","2002=100","17","units","0","v41691965","14.96","134.4","","","","1"
"2024-10","Ontario","2016A000235","Household operations, furnishings and equipment","2002=100","17","units","0","v41691965","14.96","133.9","","","","1"
"2024-11","Ontario","2016A000235","Household operations, furnishings and equipment","2002=100","17","units","0","v41691965","14.96","132.8","","","","1"
"2024-12","Ontario","2016A000235","Household operations, furnishings and equipment","2002=100","17","units","0","v41691965","14.96","131.6","","","","1"
"2025-01","Ontario","2016A000235","Household operations, furnishings and equipment","2002=100","17","units","0","v41691965","14.96","134.1","","","","1"
"2025-02","Ontario","2016A000235","Household operations, furnishings and equipment","2002=100","17","units","0","v41691965","14.96","135.4","","","","1"
"2021-01","Ontario","2016A000235","Clothing and footwear","2002=100","17","units","0","v41691980","14.139","88.3","","","","1"
"2021-02","Ontario","2016A000235","Clothing and footwear","2002=100","17","units","0","v41691980","14.139","89.1","","","","1"
"2021-03","Ontario","2016A000235","Clothing and footwear","2002=100","17","units","0","v41691980","14.139","89.5","","","","1"
"2021-04","Ontario","2016A000235","Clothing and footwear","2002=100","17","units","0","v41691980","14.139","90.7","","","","1"
"2021-05","Ontario","2016A000235","Clothing and footwear","2002=100","17","units","0","v41691980","14.139","90.8","","","","1"
"2021-06","Ontario","2016A000235","Clothing and footwear","2002=100","17","units","0","v41691980","14.139","89.1","","","","1"
"2021-07","Ontario","2016A000235","Clothing and footwear","2002=100","17","units","0","v41691980","14.139","89.2","","","","1"
"2021-08","Ontario","2016A000235","Clothing and footwear","2002=100","17","units","0","v41691980","14.139","89.8","","","","1"
"2021-09","Ontario","2016A000235","Clothing and footwear","2002=100","17","units","0","v41691980","14.139","90.9","","","","1"
"2021-10","Ontario","2016A000235","Clothing and footwear","2002=100","17","units","0","v41691980","14.139","92.7","","","","1"
"2021-11","Ontario","2016A000235","Clothing and footwear","2002=100","17","units","0","v41691980","14.139","93.8","","","","1"
"2021-12","Ontario","2016A000235","Clothing and footwear","2002=100","17","units","0","v41691980","14.139","90.2","","","","1"
"2022-01","Ontario","2016A000235","Clothing and footwear","2002=100","17","units","0","v41691980","14.139","90.9","","","","1"
"2022-02","Ontario","2016A000235","Clothing and footwear","2002=100","17","units","0","v41691980","14.139","91.6","","","","1"
"2022-03","Ontario","2016A000235","Clothing and footwear","2002=100","17","units","0","v41691980","14.139","91.3","","","","1"
"2022-04","Ontario","2016A000235","Clothing and footwear","2002=100","17","units","0","v41691980","14.139","92.3","","","","1"
"2022-05","Ontario","2016A000235","Clothing and footwear","2002=100","17","units","0","v41691980","14.139","94.2","","","","1"
"2022-06","Ontario","2016A000235","Clothing and footwear","2002=100","17","units","0","v41691980","14.139","92.4","","","","1"
"2022-07","Ontario","2016A000235","Clothing and footwear","2002=100","17","units","0","v41691980","14.139","91.1","","","","1"
"2022-08","Ontario","2016A000235","Clothing and footwear","2002=100","17","units","0","v41691980","14.139","91.9","","","","1"
"2022-09","Ontario","2016A000235","Clothing and footwear","2002=100","17","units","0","v41691980","14.139","93.5","","","","1"
"2022-10","Ontario","2016A000235","Clothing and footwear","2002=100","17","units","0","v41691980","14.139","95.4","","","","1"
"2022-11","Ontario","2016A000235","Clothing and footwear","2002=100","17","units","0","v41691980","14.139","94.2","","","","1"
"2022-12","Ontario","2016A000235","Clothing and footwear","2002=100","17","units","0","v41691980","14.139","91.5","","","","1"
"2023-01","Ontario","2016A000235","Clothing and footwear","2002=100","17","units","0","v41691980","14.139","90.9","","","","1"
"2023-02","Ontario","2016A000235","Clothing and footwear","2002=100","17","units","0","v41691980","14.139","92.9","","","","1"
"2023-03","Ontario","2016A000235","Clothing and footwear","2002=100","17","units","0","v41691980","14.139","93.8","","","","1"
"2023-04","Ontario","2016A000235","Clothing and footwear","2002=100","17","units","0","v41691980","14.139","93.8","","","","1"
"2023-05","Ontario","2016A000235","Clothing and footwear","2002=100","17","units","0","v41691980","14.139","94.4","","","","1"
"2023-06","Ontario","2016A000235","Clothing and footwear","2002=100","17","units","0","v41691980","14.139","93.1","","","","1"
"2023-07","Ontario","2016A000235","Clothing and footwear","2002=100","17","units","0","v41691980","14.139","93.5","","","","1"
"2023-08","Ontario","2016A000235","Clothing and footwear","2002=100","17","units","0","v41691980","14.139","93.9","","","","1"
"2023-09","Ontario","2016A000235","Clothing and footwear","2002=100","17","units","0","v41691980","14.139","95.0","","","","1"
"2023-10","Ontario","2016A000235","Clothing and footwear","2002=100","17","units","0","v41691980","14.139","96.0","","","","1"
"2023-11","Ontario","2016A000235","Clothing and footwear","2002=100","17","units","0","v41691980","14.139","96.1","","","","1"
"2023-12","Ontario","2016A000235","Clothing and footwear","2002=100","17","units","0","v41691980","14.139","94.5","","","","1"
"2024-01","Ontario","2016A000235","Clothing and footwear","2002=100","17","units","0","v41691980","14.139","92.5","","","","1"
"2024-02","Ontario","2016A000235","Clothing and footwear","2002=100","17","units","0","v41691980","14.139","91.1","","","","1"
"2024-03","Ontario","2016A000235","Clothing and footwear","2002=100","17","units","0","v41691980","14.139","92.4","","","","1"
"2024-04","Ontario","2016A000235","Clothing and footwear","2002=100","17","units","0","v41691980","14.139","93.6","","","","1"
"2024-05","Ontario","2016A000235","Clothing and footwear","2002=100","17","units","0","v41691980","14.139","92.6","","","","1"
"2024-06","Ontario","2016A000235","Clothing and footwear","2002=100","17","units","0","v41691980","14.139","91.7","","","","1"
"2024-07","Ontario","2016A000235","Clothing and footwear","2002=100","17","units","0","v41691980","14.139","92.1","","","","1"
"2024-08","Ontario","2016A000235","Clothing and footwear","2002=100","17","units","0","v41691980","14.139","91.4","","","","1"
"2024-09","Ontario","2016A000235","Clothing and footwear","2002=100","17","units","0","v41691980","14.139","91.4","","","","1"
"2024-10","Ontario","2016A000235","Clothing and footwear","2002=100","17","units","0","v41691980","14.139","93.3","","","","1"
"2024-11","Ontario","2016A000235","Clothing and footwear","2002=100","17","units","0","v41691980","14.139","92.8","","","","1"
"2024-12","Ontario","2016A000235","Clothing and footwear","2002=100","17","units","0","v41691980","14.139","90.4","","","","1"
"2025-01","Ontario","2016A000235","Clothing and footwear","2002=100","17","units","0","v41691980","14.139","90.6","","","","1"
"2025-02","Ontario","2016A000235","Clothing and footwear","2002=100","17","units","0","v41691980","14.139","92.0","","","","1"
"2021-01","Ontario","2016A000235","Transportation","2002=100","17","units","0","v41691988","14.176","145.3","","","","1"
"2021-02","Ontario","2016A000235","Transportation","2002=100","17","units","0","v41691988","14.176","147.5","","","","1"
"2021-03","Ontario","2016A000235","Transportation","2002=100","17","units","0","v41691988","14.176","149.0","","","","1"
"2021-04","Ontario","2016A000235","Transportation","2002=100","17","units","0","v41691988","14.176","149.7","","","","1"
"2021-05","Ontario","2016A000235","Transportation","2002=100","17","units","0","v41691988","14.176","150.9","","","","1"
"2021-06","Ontario","2016A000235","Transportation","2002=100","17","units","0","v41691988","14.176","151.6","","","","1"
"2021-07","Ontario","2016A000235","Transportation","2002=100","17","units","0","v41691988","14.176","152.1","","","","1"
"2021-08","Ontario","2016A000235","Transportation","2002=100","17","units","0","v41691988","14.176","153.8","","","","1"
"2021-09","Ontario","2016A000235","Transportation","2002=100","17","units","0","v41691988","14.176","153.4","","","","1"
"2021-10","Ontario","2016A000235","Transportation","2002=100","17","units","0","v41691988","14.176","155.8","","","","1"
"2021-11","Ontario","2016A000235","Transportation","2002=100","17","units","0","v41691988","14.176","155.7","","","","1"
"2021-12","Ontario","2016A000235","Transportation","2002=100","17","units","0","v41691988","14.176","155.0","","","","1"
"2022-01","Ontario","2016A000235","Transportation","2002=100","17","units","0","v41691988","14.176","157.5","","","","1"
"2022-02","Ontario","2016A000235","Transportation","2002=100","17","units","0","v41691988","14.176","160.8","","","","1"
"2022-03","Ontario","2016A000235","Transportation","2002=100","17","units","0","v41691988","14.176","165.1","","","","1"
"2022-04","Ontario","2016A000235","Transportation","2002=100","17","units","0","v41691988","14.176","165.9","","","","1"
"2022-05","Ontario","2016A000235","Transportation","2002=100","17","units","0","v41691988","14.176","171.9","","","","1"
"2022-06","Ontario","2016A000235","Transportation","2002=100","17","units","0","v41691988","14.176","175.1","","","","1"
"2022-07","Ontario","2016A000235","Transportation","2002=100","17","units","0","v41691988","14.176","171.2","","","","1"
"2022-08","Ontario","2016A000235","Transportation","2002=100","17","units","0","v41691988","14.176","167.7","","","","1"
"2022-09","Ontario","2016A000235","Transportation","2002=100","17","units","0","v41691988","14.176","163.8","","","","1"
"2022-10","Ontario","2016A000235","Transportation","2002=100","17","units","0","v41691988","14.176","167.6","","","","1"
"2022-11","Ontario","2016A000235","Transportation","2002=100","17","units","0","v41691988","14.176","166.9","","","","1"
"2022-12","Ontario","2016A000235","Transportation","2002=100","17","units","0","v41691988","14.176","163.0","","","","1"
"2023-01","Ontario","2016A000235","Transportation","2002=100","17","units","0","v41691988","14.176","164.3","","","","1"
"2023-02","Ontario","2016A000235","Transportation","2002=100","17","units","0","v41691988","14.176","163.2","","","","1"
"2023-03","Ontario","2016A000235","Transportation","2002=100","17","units","0","v41691988","14.176","164.1","","","","1"
"2023-04","Ontario","2016A000235","Transportation","2002=100","17","units","0","v41691988","14.176","167.1","","","","1"
"2023-05","Ontario","2016A000235","Transportation","2002=100","17","units","0","v41691988","14.176","166.8","","","","1"
"2023-06","Ontario","2016A000235","Transportation","2002=100","17","units","0","v41691988","14.176","168.9","","","","1"
"2023-07","Ontario","2016A000235","Transportation","2002=100","17","units","0","v41691988","14.176","171.6","","","","1"
"2023-08","Ontario","2016A000235","Transportation","2002=100","17","units","0","v41691988","14.176","172.6","","","","1"
"2023-09","Ontario","2016A000235","Transportation","2002=100","17","units","0","v41691988","14.176","170.8","","","","1"
"2023-10","Ontario","2016A000235","Transportation","2002=100","17","units","0","v41691988","14.176","168.1","","","","1"
"2023-11","Ontario","2016A000235","Transportation","2002=100","17","units","0","v41691988","14.176","167.6","","","","1"
"2023-12","Ontario","2016A000235","Transportation","2002=100","17","units","0","v41691988","14.176","169.3","","","","1"
"2024-01","Ontario","2016A000235","Transportation","2002=100","17","units","0","v41691988","14.176","167.2","","","","1"
"2024-02","Ontario","2016A000235","Transportation","2002=100","17","units","0","v41691988","14.176","168.2","","","","1"
"2024-03","Ontario","2016A000235","Transportation","2002=100","17","units","0","v41691988","14.176","170.3","","","","1"
"2024-04","Ontario","2016A000235","Transportation","2002=100","17","units","0","v41691988","14.176","173.3","","","","1"
"2024-05","Ontario","2016A000235","Transportation","2002=100","17","units","0","v41691988","14.176","173.6","","","","1"
"2024-06","Ontario","2016A000235","Transportation","2002=100","17","units","0","v41691988","14.176","173.9","","","","1"
"2024-07","Ontario","2016A000235","Transportation","2002=100","17","units","0","v41691988","14.176","176.0","","","","1"
"2024-08","Ontario","2016A000235","Transportation","2002=100","17","units","0","v41691988","14.176","173.4","","","","1"
"2024-09","Ontario","2016A000235","Transportation","2002=100","17","units","0","v41691988","14.176","169.3","","","","1"
"2024-10","Ontario","2016A000235","Transportation","2002=100","17","units","0","v41691988","14.176","170.5","","","","1"
"2024-11","Ontario","2016A000235","Transportation","2002=100","17","units","0","v41691988","14.176","171.1","","","","1"
"2024-12","Ontario","2016A000235","Transportation","2002=100","17","units","0","v41691988","14.176","174.6","","","","1"
"2025-01","Ontario","2016A000235","Transportation","2002=100","17","units","0","v41691988","14.176","173.6","","","","1"
"2025-02","Ontario","2016A000235","Transportation","2002=100","17","units","0","v41691988","14.176","173.8","","","","1"
"2021-01","Ontario","2016A000235","Gasoline","2002=100","17","units","0","v41691994","14.184","162.5","","","","1"
"2021-02","Ontario","2016A000235","Gasoline","2002=100","17","units","0","v41691994","14.184","172.9","","","","1"
"2021-03","Ontario","2016A000235","Gasoline","2002=100","17","units","0","v41691994","14.184","181.4","","","","1"
"2021-04","Ontario","2016A000235","Gasoline","2002=100","17","units","0","v41691994","14.184","184.4","","","","1"
"2021-05","Ontario","2016A000235","Gasoline","2002=100","17","units","0","v41691994","14.184","190.4","","","","1"
"2021-06","Ontario","2016A000235","Gasoline","2002=100","17","units","0","v41691994","14.184","193.8","","","","1"
"2021-07","Ontario","2016A000235","Gasoline","2002=100","17","units","0","v41691994","14.184","199.0","","","","1"
"2021-08","Ontario","2016A000235","Gasoline","2002=100","17","units","0","v41691994","14.184","200.4","","","","1"
"2021-09","Ontario","2016A000235","Gasoline","2002=100","17","units","0","v41691994","14.184","201.3","","","","1"
"2021-10","Ontario","2016A000235","Gasoline","2002=100","17","units","0","v41691994","14.184","211.9","","","","1"
"2021-11","Ontario","2016A000235","Gasoline","2002=100","17","units","0","v41691994","14.184","210.5","","","","1"
"2021-12","Ontario","2016A000235","Gasoline","2002=100","17","units","0","v41691994","14.184","201.0","","","","1"
"2022-01","Ontario","2016A000235","Gasoline","2002=100","17","units","0","v41691994","14.184","212.8","","","","1"
"2022-02","Ontario","2016A000235","Gasoline","2002=100","17","units","0","v41691994","14.184","229.6","","","","1"
"2022-03","Ontario","2016A000235","Gasoline","2002=100","17","units","0","v41691994","14.184","252.9","","","","1"
"2022-04","Ontario","2016A000235","Gasoline","2002=100","17","units","0","v41691994","14.184","254.5","","","","1"
"2022-05","Ontario","2016A000235","Gasoline","2002=100","17","units","0","v41691994","14.184","288.4","","","","1"
"2022-06","Ontario","2016A000235","Gasoline","2002=100","17","units","0","v41691994","14.184","300.0","","","","1"
"2022-07","Ontario","2016A000235","Gasoline","2002=100","17","units","0","v41691994","14.184","263.5","","","","1"
"2022-08","Ontario","2016A000235","Gasoline","2002=100","17","units","0","v41691994","14.184","241.5","","","","1"
"2022-09","Ontario","2016A000235","Gasoline","2002=100","17","units","0","v41691994","14.184","217.6","","","","1"
"2022-10","Ontario","2016A000235","Gasoline","2002=100","17","units","0","v41691994","14.184","240.0","","","","1"
"2022-11","Ontario","2016A000235","Gasoline","2002=100","17","units","0","v41691994","14.184","235.8","","","","1"
"2022-12","Ontario","2016A000235","Gasoline","2002=100","17","units","0","v41691994","14.184","205.5","","","","1"
"2023-01","Ontario","2016A000235","Gasoline","2002=100","17","units","0","v41691994","14.184","216.6","","","","1"
"2023-02","Ontario","2016A000235","Gasoline","2002=100","17","units","0","v41691994","14.184","211.7","","","","1"
"2023-03","Ontario","2016A000235","Gasoline","2002=100","17","units","0","v41691994","14.184","213.1","","","","1"
"2023-04","Ontario","2016A000235","Gasoline","2002=100","17","units","0","v41691994","14.184","228.5","","","","1"
"2023-05","Ontario","2016A000235","Gasoline","2002=100","17","units","0","v41691994","14.184","227.2","","","","1"
"2023-06","Ontario","2016A000235","Gasoline","2002=100","17","units","0","v41691994","14.184","231.6","","","","1"
"2023-07","Ontario","2016A000235","Gasoline","2002=100","17","units","0","v41691994","14.184","236.1","","","","1"
"2023-08","Ontario","2016A000235","Gasoline","2002=100","17","units","0","v41691994","14.184","246.6","","","","1"
"2023-09","Ontario","2016A000235","Gasoline","2002=100","17","units","0","v41691994","14.184","241.3","","","","1"
"2023-10","Ontario","2016A000235","Gasoline","2002=100","17","units","0","v41691994","14.184","223.2","","","","1"
"2023-11","Ontario","2016A000235","Gasoline","2002=100","17","units","0","v41691994","14.184","217.3","","","","1"
"2023-12","Ontario","2016A000235","Gasoline","2002=100","17","units","0","v41691994","14.184","209.5","","","","1"
"2024-01","Ontario","2016A000235","Gasoline","2002=100","17","units","0","v41691994","14.184","209.9","","","","1"
"2024-02","Ontario","2016A000235","Gasoline","2002=100","17","units","0","v41691994","14.184","216.7","","","","1"
"2024-03","Ontario","2016A000235","Gasoline","2002=100","17","units","0","v41691994","14.184","224.6","","","","1"
"2024-04","Ontario","2016A000235","Gasoline","2002=100","17","units","0","v41691994","14.184","244.2","","","","1"
"2024-05","Ontario","2016A000235","Gasoline","2002=100","17","units","0","v41691994","14.184","241.2","","","","1"
"2024-06","Ontario","2016A000235","Gasoline","2002=100","17","units","0","v41691994","14.184","236.1","","","","1"
"2024-07","Ontario","2016A000235","Gasoline","2002=100","17","units","0","v41691994","14.184","242.8","","","","1"
"2024-08","Ontario","2016A000235","Gasoline","2002=100","17","units","0","v41691994","14.184","234.4","","","","1"
"2024-09","Ontario","2016A000235","Gasoline","2002=100","17","units","0","v41691994","14.184","217.0","","","","1"
"2024-10","Ontario","2016A000235","Gasoline","2002=100","17","units","0","v41691994","14.184","220.8","","","","1"
"2024-11","Ontario","2016A000235","Gasoline","2002=100","17","units","0","v41691994","14.184","221.8","","","","1"
"2024-12","Ontario","2016A000235","Gasoline","2002=100","17","units","0","v41691994","14.184","220.9","","","","1"
"2025-01","Ontario","2016A000235","Gasoline","2002=100","17","units","0","v41691994","14.184","226.9","","","","1"
"2025-02","Ontario","2016A000235","Gasoline","2002=100","17","units","0","v41691994","14.184","226.1","","","","1"
"2021-01","Ontario","2016A000235","Health and personal care","2002=100","17","units","0","v41692004","14.201","130.1","","","","1"
"2021-02","Ontario","2016A000235","Health and personal care","2002=100","17","units","0","v41692004","14.201","130.8","","","","1"
"2021-03","Ontario","2016A000235","Health and personal care","2002=100","17","units","0","v41692004","14.201","130.7","","","","1"
"2021-04","Ontario","2016A000235","Health and personal care","2002=100","17","units","0","v41692004","14.201","133.0","","","","1"
"2021-05","Ontario","2016A000235","Health and personal care","2002=100","17","units","0","v41692004","14.201","132.7","","","","1"
"2021-06","Ontario","2016A000235","Health and personal care","2002=100","17","units","0","v41692004","14.201","134.0","","","","1"
"2021-07","Ontario","2016A000235","Health and personal care","2002=100","17","units","0","v41692004","14.201","134.4","","","","1"
"2021-08","Ontario","2016A000235","Health and personal care","2002=100","17","units","0","v41692004","14.201","134.2","","","","1"
"2021-09","Ontario","2016A000235","Health and personal care","2002=100","17","units","0","v41692004","14.201","135.2","","","","1"
"2021-10","Ontario","2016A000235","Health and personal care","2002=100","17","units","0","v41692004","14.201","135.1","","","","1"
"2021-11","Ontario","2016A000235","Health and personal care","2002=100","17","units","0","v41692004","14.201","134.8","","","","1"
"2021-12","Ontario","2016A000235","Health and personal care","2002=100","17","units","0","v41692004","14.201","134.6","","","","1"
"2022-01","Ontario","2016A000235","Health and personal care","2002=100","17","units","0","v41692004","14.201","135.5","","","","1"
"2022-02","Ontario","2016A000235","Health and personal care","2002=100","17","units","0","v41692004","14.201","135.9","","","","1"
"2022-03","Ontario","2016A000235","Health and personal care","2002=100","17","units","0","v41692004","14.201","136.5","","","","1"
"2022-04","Ontario","2016A000235","Health and personal care","2002=100","17","units","0","v41692004","14.201","138.9","","","","1"
"2022-05","Ontario","2016A000235","Health and personal care","2002=100","17","units","0","v41692004","14.201","138.6","","","","1"
"2022-06","Ontario","2016A000235","Health and personal care","2002=100","17","units","0","v41692004","14.201","140.2","","","","1"
"2022-07","Ontario","2016A000235","Health and personal care","2002=100","17","units","0","v41692004","14.201","140.8","","","","1"
"2022-08","Ontario","2016A000235","Health and personal care","2002=100","17","units","0","v41692004","14.201","140.9","","","","1"
"2022-09","Ontario","2016A000235","Health and personal care","2002=100","17","units","0","v41692004","14.201","141.5","","","","1"
"2022-10","Ontario","2016A000235","Health and personal care","2002=100","17","units","0","v41692004","14.201","141.7","","","","1"
"2022-11","Ontario","2016A000235","Health and personal care","2002=100","17","units","0","v41692004","14.201","142.9","","","","1"
"2022-12","Ontario","2016A000235","Health and personal care","2002=100","17","units","0","v41692004","14.201","143.4","","","","1"
"2023-01","Ontario","2016A000235","Health and personal care","2002=100","17","units","0","v41692004","14.201","143.6","","","","1"
"2023-02","Ontario","2016A000235","Health and personal care","2002=100","17","units","0","v41692004","14.201","144.8","","","","1"
"2023-03","Ontario","2016A000235","Health and personal care","2002=100","17","units","0","v41692004","14.201","145.9","","","","1"
"2023-04","Ontario","2016A000235","Health and personal care","2002=100","17","units","0","v41692004","14.201","147.6","","","","1"
"2023-05","Ontario","2016A000235","Health and personal care","2002=100","17","units","0","v41692004","14.201","147.7","","","","1"
"2023-06","Ontario","2016A000235","Health and personal care","2002=100","17","units","0","v41692004","14.201","148.2","","","","1"
"2023-07","Ontario","2016A000235","Health and personal care","2002=100","17","units","0","v41692004","14.201","148.4","","","","1"
"2023-08","Ontario","2016A000235","Health and personal care","2002=100","17","units","0","v41692004","14.201","149.0","","","","1"
"2023-09","Ontario","2016A000235","Health and personal care","2002=100","17","units","0","v41692004","14.201","149.4","","","","1"
"2023-10","Ontario","2016A000235","Health and personal care","2002=100","17","units","0","v41692004","14.201","149.5","","","","1"
"2023-11","Ontario","2016A000235","Health and personal care","2002=100","17","units","0","v41692004","14.201","149.3","","","","1"
"2023-12","Ontario","2016A000235","Health and personal care","2002=100","17","units","0","v41692004","14.201","148.2","","","","1"
"2024-01","Ontario","2016A000235","Health and personal care","2002=100","17","units","0","v41692004","14.201","148.7","","","","1"
"2024-02","Ontario","2016A000235","Health and personal care","2002=100","17","units","0","v41692004","14.201","149.8","","","","1"
"2024-03","Ontario","2016A000235","Health and personal care","2002=100","17","units","0","v41692004","14.201","150.0","","","","1"
"2024-04","Ontario","2016A000235","Health and personal care","2002=100","17","units","0","v41692004","14.201","151.6","","","","1"
"2024-05","Ontario","2016A000235","Health and personal care","2002=100","17","units","0","v41692004","14.201","152.8","","","","1"
"2024-06","Ontario","2016A000235","Health and personal care","2002=100","17","units","0","v41692004","14.201","152.5","","","","1"
"2024-07","Ontario","2016A000235","Health and personal care","2002=100","17","units","0","v41692004","14.201","152.3","","","","1"
"2024-08","Ontario","2016A000235","Health and personal care","2002=100","17","units","0","v41692004","14.201","153.3","","","","1"
"2024-09","Ontario","2016A000235","Health and personal care","2002=100","17","units","0","v41692004","14.201","154.7","","","","1"
"2024-10","Ontario","2016A000235","Health and personal care","2002=100","17","units","0","v41692004","14.201","155.0","","","","1"
"2024-11","Ontario","2016A000235","Health and personal care","2002=100","17","units","0","v41692004","14.201","153.7","","","","1"
"2024-12","Ontario","2016A000235","Health and personal care","2002=100","17","units","0","v41692004","14.201","153.8","","","","1"
"2025-01","Ontario","2016A000235","Health and personal care","2002=100","17","units","0","v41692004","14.201","153.8","","","","1"
"2025-02","Ontario","2016A000235","Health and personal care","2002=100","17","units","0","v41692004","14.201","154.4","","","","1"
"2021-01","Ontario","2016A000235","Recreation, education and reading","2002=100","17","units","0","v41692014","14.219","117.3","","","","1"
"2021-02","Ontario","2016A000235","Recreation, education and reading","2002=100","17","units","0","v41692014","14.219","116.8","","","","1"
"2021-03","Ontario","2016A000235","Recreation, education and reading","2002=100","17","units","0","v41692014","14.219","117.5","","","","1"
"2021-04","Ontario","2016A000235","Recreation, education and reading","2002=100","17","units","0","v41692014","14.219","118.1","","","","1"
"2021-05","Ontario","2016A000235","Recreation, education and reading","2002=100","17","units","0","v41692014","14.219","118.9","","","","1"
"2021-06","Ontario","2016A000235","Recreation, education and reading","2002=100","17","units","0","v41692014","14.219","119.0","","","","1"
"2021-07","Ontario","2016A000235","Recreation, education and reading","2002=100","17","units","0","v41692014","14.219","120.8","","","","1"
"2021-08","Ontario","2016A000235","Recreation, education and reading","2002=100","17","units","0","v41692014","14.219","119.0","","","","1"
"2021-09","Ontario","2016A000235","Recreation, education and reading","2002=100","17","units","0","v41692014","14.219","119.1","","","","1"
"2021-10","Ontario","2016A000235","Recreation, education and reading","2002=100","17","units","0","v41692014","14.219","120.5","","","","1"
"2021-11","Ontario","2016A000235","Recreation, education and reading","2002=100","17","units","0","v41692014","14.219","118.5","","","","1"
"2021-12","Ontario","2016A000235","Recreation, education and reading","2002=100","17","units","0","v41692014","14.219","117.8","","","","1"
"2022-01","Ontario","2016A000235","Recreation, education and reading","2002=100","17","units","0","v41692014","14.219","119.4","","","","1"
"2022-02","Ontario","2016A000235","Recreation, education and reading","2002=100","17","units","0","v41692014","14.219","121.0","","","","1"
"2022-03","Ontario","2016A000235","Recreation, education and reading","2002=100","17","units","0","v41692014","14.219","123.4","","","","1"
"2022-04","Ontario","2016A000235","Recreation, education and reading","2002=100","17","units","0","v41692014","14.219","121.8","","","","1"
"2022-05","Ontario","2016A000235","Recreation, education and reading","2002=100","17","units","0","v41692014","14.219","124.2","","","","1"
"2022-06","Ontario","2016A000235","Recreation, education and reading","2002=100","17","units","0","v41692014","14.219","124.9","","","","1"
"2022-07","Ontario","2016A000235","Recreation, education and reading","2002=100","17","units","0","v41692014","14.219","127.2","","","","1"
"2022-08","Ontario","2016A000235","Recreation, education and reading","2002=100","17","units","0","v41692014","14.219","125.5","","","","1"
"2022-09","Ontario","2016A000235","Recreation, education and reading","2002=100","17","units","0","v41692014","14.219","125.7","","","","1"
"2022-10","Ontario","2016A000235","Recreation, education and reading","2002=100","17","units","0","v41692014","14.219","125.2","","","","1"
"2022-11","Ontario","2016A000235","Recreation, education and reading","2002=100","17","units","0","v41692014","14.219","123.6","","","","1"
"2022-12","Ontario","2016A000235","Recreation, education and reading","2002=100","17","units","0","v41692014","14.219","121.6","","","","1"
"2023-01","Ontario","2016A000235","Recreation, education and reading","2002=100","17","units","0","v41692014","14.219","122.7","","","","1"
"2023-02","Ontario","2016A000235","Recreation, education and reading","2002=100","17","units","0","v41692014","14.219","124.0","","","","1"
"2023-03","Ontario","2016A000235","Recreation, education and reading","2002=100","17","units","0","v41692014","14.219","126.2","","","","1"
"2023-04","Ontario","2016A000235","Recreation, education and reading","2002=100","17","units","0","v41692014","14.219","126.1","","","","1"
"2023-05","Ontario","2016A000235","Recreation, education and reading","2002=100","17","units","0","v41692014","14.219","128.1","","","","1"
"2023-06","Ontario","2016A000235","Recreation, education and reading","2002=100","17","units","0","v41692014","14.219","125.5","","","","1"
"2023-07","Ontario","2016A000235","Recreation, education and reading","2002=100","17","units","0","v41692014","14.219","128.4","","","","1"
"2023-08","Ontario","2016A000235","Recreation, education and reading","2002=100","17","units","0","v41692014","14.219","127.0","","","","1"
"2023-09","Ontario","2016A000235","Recreation, education and reading","2002=100","17","units","0","v41692014","14.219","126.9","","","","1"
"2023-10","Ontario","2016A000235","Recreation, education and reading","2002=100","17","units","0","v41692014","14.219","129.3","","","","1"
"2023-11","Ontario","2016A000235","Recreation, education and reading","2002=100","17","units","0","v41692014","14.219","129.9","","","","1"
"2023-12","Ontario","2016A000235","Recreation, education and reading","2002=100","17","units","0","v41692014","14.219","124.0","","","","1"
"2024-01","Ontario","2016A000235","Recreation, education and reading","2002=100","17","units","0","v41692014","14.219","122.7","","","","1"
"2024-02","Ontario","2016A000235","Recreation, education and reading","2002=100","17","units","0","v41692014","14.219","124.9","","","","1"
"2024-03","Ontario","2016A000235","Recreation, education and reading","2002=100","17","units","0","v41692014","14.219","129.2","","","","1"
"2024-04","Ontario","2016A000235","Recreation, education and reading","2002=100","17","units","0","v41692014","14.219","127.4","","","","1"
"2024-05","Ontario","2016A000235","Recreation, education and reading","2002=100","17","units","0","v41692014","14.219","129.8","","","","1"
"2024-06","Ontario","2016A000235","Recreation, education and reading","2002=100","17","units","0","v41692014","14.219","126.7","","","","1"
"2024-07","Ontario","2016A000235","Recreation, education and reading","2002=100","17","units","0","v41692014","14.219","128.2","","","","1"
"2024-08","Ontario","2016A000235","Recreation, education and reading","2002=100","17","units","0","v41692014","14.219","127.0","","","","1"
"2024-09","Ontario","2016A000235","Recreation, education and reading","2002=100","17","units","0","v41692014","14.219","126.8","","","","1"
"2024-10","Ontario","2016A000235","Recreation, education and reading","2002=100","17","units","0","v41692014","14.219","127.7","","","","1"
"2024-11","Ontario","2016A000235","Recreation, education and reading","2002=100","17","units","0","v41692014","14.219","127.2","","","","1"
"2024-12","Ontario","2016A000235","Recreation, education and reading","2002=100","17","units","0","v41692014","14.219","125.1","","","","1"
"2025-01","Ontario","2016A000235","Recreation, education and reading","2002=100","17","units","0","v41692014","14.219","124.4","","","","1"
"2025-02","Ontario","2016A000235","Recreation, education and reading","2002=100","17","units","0","v41692014","14.219","130.4","","","","1"
"2021-01","Ontario","2016A000235","Alcoholic beverages, tobacco products and recreational cannabis","2002=100","17","units","0","v41692027","14.256","177.2","","","","1"
"2021-02","Ontario","2016A000235","Alcoholic beverages, tobacco products and recreational cannabis","2002=100","17","units","0","v41692027","14.256","177.7","","","","1"
"2021-03","Ontario","2016A000235","Alcoholic beverages, tobacco products and recreational cannabis","2002=100","17","units","0","v41692027","14.256","178.0","","","","1"
"2021-04","Ontario","2016A000235","Alcoholic beverages, tobacco products and recreational cannabis","2002=100","17","units","0","v41692027","14.256","178.3","","","","1"
"2021-05","Ontario","2016A000235","Alcoholic beverages, tobacco products and recreational cannabis","2002=100","17","units","0","v41692027","14.256","178.7","","","","1"
"2021-06","Ontario","2016A000235","Alcoholic beverages, tobacco products and recreational cannabis","2002=100","17","units","0","v41692027","14.256","179.6","","","","1"
"2021-07","Ontario","2016A000235","Alcoholic beverages, tobacco products and recreational cannabis","2002=100","17","units","0","v41692027","14.256","176.8","","","","1"
"2021-08","Ontario","2016A000235","Alcoholic beverages, tobacco products and recreational cannabis","2002=100","17","units","0","v41692027","14.256","177.7","","","","1"
"2021-09","Ontario","2016A000235","Alcoholic beverages, tobacco products and recreational cannabis","2002=100","17","units","0","v41692027","14.256","177.1","","","","1"
"2021-10","Ontario","2016A000235","Alcoholic beverages, tobacco products and recreational cannabis","2002=100","17","units","0","v41692027","14.256","177.8","","","","1"
"2021-11","Ontario","2016A000235","Alcoholic beverages, tobacco products and recreational cannabis","2002=100","17","units","0","v41692027","14.256","178.0","","","","1"
"2021-12","Ontario","2016A000235","Alcoholic beverages, tobacco products and recreational cannabis","2002=100","17","units","0","v41692027","14.256","177.1","","","","1"
"2022-01","Ontario","2016A000235","Alcoholic beverages, tobacco products and recreational cannabis","2002=100","17","units","0","v41692027","14.256","179.5","","","","1"
"2022-02","Ontario","2016A000235","Alcoholic beverages, tobacco products and recreational cannabis","2002=100","17","units","0","v41692027","14.256","180.3","","","","1"
"2022-03","Ontario","2016A000235","Alcoholic beverages, tobacco products and recreational cannabis","2002=100","17","units","0","v41692027","14.256","181.0","","","","1"
"2022-04","Ontario","2016A000235","Alcoholic beverages, tobacco products and recreational cannabis","2002=100","17","units","0","v41692027","14.256","180.4","","","","1"
"2022-05","Ontario","2016A000235","Alcoholic beverages, tobacco products and recreational cannabis","2002=100","17","units","0","v41692027","14.256","180.8","","","","1"
"2022-06","Ontario","2016A000235","Alcoholic beverages, tobacco products and recreational cannabis","2002=100","17","units","0","v41692027","14.256","181.0","","","","1"
"2022-07","Ontario","2016A000235","Alcoholic beverages, tobacco products and recreational cannabis","2002=100","17","units","0","v41692027","14.256","180.7","","","","1"
"2022-08","Ontario","2016A000235","Alcoholic beverages, tobacco products and recreational cannabis","2002=100","17","units","0","v41692027","14.256","181.8","","","","1"
"2022-09","Ontario","2016A000235","Alcoholic beverages, tobacco products and recreational cannabis","2002=100","17","units","0","v41692027","14.256","181.2","","","","1"
"2022-10","Ontario","2016A000235","Alcoholic beverages, tobacco products and recreational cannabis","2002=100","17","units","0","v41692027","14.256","182.6","","","","1"
"2022-11","Ontario","2016A000235","Alcoholic beverages, tobacco products and recreational cannabis","2002=100","17","units","0","v41692027","14.256","183.1","","","","1"
"2022-12","Ontario","2016A000235","Alcoholic beverages, tobacco products and recreational cannabis","2002=100","17","units","0","v41692027","14.256","182.9","","","","1"
"2023-01","Ontario","2016A000235","Alcoholic beverages, tobacco products and recreational cannabis","2002=100","17","units","0","v41692027","14.256","186.2","","","","1"
"2023-02","Ontario","2016A000235","Alcoholic beverages, tobacco products and recreational cannabis","2002=100","17","units","0","v41692027","14.256","188.2","","","","1"
"2023-03","Ontario","2016A000235","Alcoholic beverages, tobacco products and recreational cannabis","2002=100","17","units","0","v41692027","14.256","189.4","","","","1"
"2023-04","Ontario","2016A000235","Alcoholic beverages, tobacco products and recreational cannabis","2002=100","17","units","0","v41692027","14.256","189.1","","","","1"
"2023-05","Ontario","2016A000235","Alcoholic beverages, tobacco products and recreational cannabis","2002=100","17","units","0","v41692027","14.256","189.6","","","","1"
"2023-06","Ontario","2016A000235","Alcoholic beverages, tobacco products and recreational cannabis","2002=100","17","units","0","v41692027","14.256","189.3","","","","1"
"2023-07","Ontario","2016A000235","Alcoholic beverages, tobacco products and recreational cannabis","2002=100","17","units","0","v41692027","14.256","190.9","","","","1"
"2023-08","Ontario","2016A000235","Alcoholic beverages, tobacco products and recreational cannabis","2002=100","17","units","0","v41692027","14.256","191.3","","","","1"
"2023-09","Ontario","2016A000235","Alcoholic beverages, tobacco products and recreational cannabis","2002=100","17","units","0","v41692027","14.256","191.1","","","","1"
"2023-10","Ontario","2016A000235","Alcoholic beverages, tobacco products and recreational cannabis","2002=100","17","units","0","v41692027","14.256","192.1","","","","1"
"2023-11","Ontario","2016A000235","Alcoholic beverages, tobacco products and recreational cannabis","2002=100","17","units","0","v41692027","14.256","192.8","","","","1"
"2023-12","Ontario","2016A000235","Alcoholic beverages, tobacco products and recreational cannabis","2002=100","17","units","0","v41692027","14.256","191.5","","","","1"
"2024-01","Ontario","2016A000235","Alcoholic beverages, tobacco products and recreational cannabis","2002=100","17","units","0","v41692027","14.256","194.0","","","","1"
"2024-02","Ontario","2016A000235","Alcoholic beverages, tobacco products and recreational cannabis","2002=100","17","units","0","v41692027","14.256","193.9","","","","1"
"2024-03","Ontario","2016A000235","Alcoholic beverages, tobacco products and recreational cannabis","2002=100","17","units","0","v41692027","14.256","194.0","","","","1"
"2024-04","Ontario","2016A000235","Alcoholic beverages, tobacco products and recreational cannabis","2002=100","17","units","0","v41692027","14.256","194.5","","","","1"
"2024-05","Ontario","2016A000235","Alcoholic beverages, tobacco products and recreational cannabis","2002=100","17","units","0","v41692027","14.256","195.1","","","","1"
"2024-06","Ontario","2016A000235","Alcoholic beverages, tobacco products and recreational cannabis","2002=100","17","units","0","v41692027","14.256","195.3","","","","1"
"2024-07","Ontario","2016A000235","Alcoholic beverages, tobacco products and recreational cannabis","2002=100","17","units","0","v41692027","14.256","194.8","","","","1"
"2024-08","Ontario","2016A000235","Alcoholic beverages, tobacco products and recreational cannabis","2002=100","17","units","0","v41692027","14.256","196.8","","","","1"
"2024-09","Ontario","2016A000235","Alcoholic beverages, tobacco products and recreational cannabis","2002=100","17","units","0","v41692027","14.256","195.7","","","","1"
"2024-10","Ontario","2016A000235","Alcoholic beverages, tobacco products and recreational cannabis","2002=100","17","units","0","v41692027","14.256","196.6","","","","1"
"2024-11","Ontario","2016A000235","Alcoholic beverages, tobacco products and recreational cannabis","2002=100","17","units","0","v41692027","14.256","196.9","","","","1"
"2024-12","Ontario","2016A000235","Alcoholic beverages, tobacco products and recreational cannabis","2002=100","17","units","0","v41692027","14.256","190.1","","","","1"
"2025-01","Ontario","2016A000235","Alcoholic beverages, tobacco products and recreational cannabis","2002=100","17","units","0","v41692027","14.256","187.0","","","","1"
"2025-02","Ontario","2016A000235","Alcoholic beverages, tobacco products and recreational cannabis","2002=100","17","units","0","v41692027","14.256","191.4","","","","1"
"2021-01","Ontario","2016A000235","All-items excluding food and energy","2002=100","17","units","0","v41692045","14.285","135.2","","","","1"
"2021-02","Ontario","2016A000235","All-items excluding food and energy","2002=100","17","units","0","v41692045","14.285","135.6","","","","1"
"2021-03","Ontario","2016A000235","All-items excluding food and energy","2002=100","17","units","0","v41692045","14.285","135.9","","","","1"
"2021-04","Ontario","2016A000235","All-items excluding food and energy","2002=100","17","units","0","v41692045","14.285","136.7","","","","1"
"2021-05","Ontario","2016A000235","All-items excluding food and energy","2002=100","17","units","0","v41692045","14.285","137.3","","","","1"
"2021-06","Ontario","2016A000235","All-items excluding food and energy","2002=100","17","units","0","v41692045","14.285","137.7","","","","1"
"2021-07","Ontario","2016A000235","All-items excluding food and energy","2002=100","17","units","0","v41692045","14.285","138.2","","","","1"
"2021-08","Ontario","2016A000235","All-items excluding food and energy","2002=100","17","units","0","v41692045","14.285","138.5","","","","1"
"2021-09","Ontario","2016A000235","All-items excluding food and energy","2002=100","17","units","0","v41692045","14.285","138.8","","","","1"
"2021-10","Ontario","2016A000235","All-items excluding food and energy","2002=100","17","units","0","v41692045","14.285","139.7","","","","1"
"2021-11","Ontario","2016A000235","All-items excluding food and energy","2002=100","17","units","0","v41692045","14.285","139.7","","","","1"
"2021-12","Ontario","2016A000235","All-items excluding food and energy","2002=100","17","units","0","v41692045","14.285","139.9","","","","1"
"2022-01","Ontario","2016A000235","All-items excluding food and energy","2002=100","17","units","0","v41692045","14.285","140.8","","","","1"
"2022-02","Ontario","2016A000235","All-items excluding food and energy","2002=100","17","units","0","v41692045","14.285","141.5","","","","1"
"2022-03","Ontario","2016A000235","All-items excluding food and energy","2002=100","17","units","0","v41692045","14.285","142.7","","","","1"
"2022-04","Ontario","2016A000235","All-items excluding food and energy","2002=100","17","units","0","v41692045","14.285","143.3","","","","1"
"2022-05","Ontario","2016A000235","All-items excluding food and energy","2002=100","17","units","0","v41692045","14.285","144.4","","","","1"
"2022-06","Ontario","2016A000235","All-items excluding food and energy","2002=100","17","units","0","v41692045","14.285","145.0","","","","1"
"2022-07","Ontario","2016A000235","All-items excluding food and energy","2002=100","17","units","0","v41692045","14.285","145.8","","","","1"
"2022-08","Ontario","2016A000235","All-items excluding food and energy","2002=100","17","units","0","v41692045","14.285","145.6","","","","1"
"2022-09","Ontario","2016A000235","All-items excluding food and energy","2002=100","17","units","0","v41692045","14.285","146.2","","","","1"
"2022-10","Ontario","2016A000235","All-items excluding food and energy","2002=100","17","units","0","v41692045","14.285","146.8","","","","1"
"2022-11","Ontario","2016A000235","All-items excluding food and energy","2002=100","17","units","0","v41692045","14.285","146.9","","","","1"
"2022-12","Ontario","2016A000235","All-items excluding food and energy","2002=100","17","units","0","v41692045","14.285","146.8","","","","1"
"2023-01","Ontario","2016A000235","All-items excluding food and energy","2002=100","17","units","0","v41692045","14.285","147.0","","","","1"
"2023-02","Ontario","2016A000235","All-items excluding food and energy","2002=100","17","units","0","v41692045","14.285","147.8","","","","1"
"2023-03","Ontario","2016A000235","All-items excluding food and energy","2002=100","17","units","0","v41692045","14.285","148.8","","","","1"
"2023-04","Ontario","2016A000235","All-items excluding food and energy","2002=100","17","units","0","v41692045","14.285","149.5","","","","1"
"2023-05","Ontario","2016A000235","All-items excluding food and energy","2002=100","17","units","0","v41692045","14.285","150.0","","","","1"
"2023-06","Ontario","2016A000235","All-items excluding food and energy","2002=100","17","units","0","v41692045","14.285","149.7","","","","1"
"2023-07","Ontario","2016A000235","All-items excluding food and energy","2002=100","17","units","0","v41692045","14.285","150.9","","","","1"
"2023-08","Ontario","2016A000235","All-items excluding food and energy","2002=100","17","units","0","v41692045","14.285","150.9","","","","1"
"2023-09","Ontario","2016A000235","All-items excluding food and energy","2002=100","17","units","0","v41692045","14.285","150.9","","","","1"
"2023-10","Ontario","2016A000235","All-items excluding food and energy","2002=100","17","units","0","v41692045","14.285","152.2","","","","1"
"2023-11","Ontario","2016A000235","All-items excluding food and energy","2002=100","17","units","0","v41692045","14.285","152.5","","","","1"
"2023-12","Ontario","2016A000235","All-items excluding food and energy","2002=100","17","units","0","v41692045","14.285","152.0","","","","1"
"2024-01","Ontario","2016A000235","All-items excluding food and energy","2002=100","17","units","0","v41692045","14.285","151.7","","","","1"
"2024-02","Ontario","2016A000235","All-items excluding food and energy","2002=100","17","units","0","v41692045","14.285","151.8","","","","1"
"2024-03","Ontario","2016A000235","All-items excluding food and energy","2002=100","17","units","0","v41692045","14.285","153.0","","","","1"
"2024-04","Ontario","2016A000235","All-items excluding food and energy","2002=100","17","units","0","v41692045","14.285","153.4","","","","1"
"2024-05","Ontario","2016A000235","All-items excluding food and energy","2002=100","17","units","0","v41692045","14.285","154.5","","","","1"
"2024-06","Ontario","2016A000235","All-items excluding food and energy","2002=100","17","units","0","v41692045","14.285","154.3","","","","1"
"2024-07","Ontario","2016A000235","All-items excluding food and energy","2002=100","17","units","0","v41692045","14.285","154.9","","","","1"
"2024-08","Ontario","2016A000235","All-items excluding food and energy","2002=100","17","units","0","v41692045","14.285","154.6","","","","1"
"2024-09","Ontario","2016A000235","All-items excluding food and energy","2002=100","17","units","0","v41692045","14.285","154.5","","","","1"
"2024-10","Ontario","2016A000235","All-items excluding food and energy","2002=100","17","units","0","v41692045","14.285","155.3","","","","1"
"2024-11","Ontario","2016A000235","All-items excluding food and energy","2002=100","17","units","0","v41692045","14.285","155.1","","","","1"
"2024-12","Ontario","2016A000235","All-items excluding food and energy","2002=100","17","units","0","v41692045","14.285","155.0","","","","1"
"2025-01","Ontario","2016A000235","All-items excluding food and energy","2002=100","17","units","0","v41692045","14.285","154.9","","","","1"
"2025-02","Ontario","2016A000235","All-items excluding food and energy","2002=100","17","units","0","v41692045","14.285","156.7","","","","1"
"2021-01","Ontario","2016A000235","All-items excluding energy","2002=100","17","units","0","v41692050","14.287","138.7","","","","1"
"2021-02","Ontario","2016A000235","All-items excluding energy","2002=100","17","units","0","v41692050","14.287","139.1","","","","1"
"2021-03","Ontario","2016A000235","All-items excluding energy","2002=100","17","units","0","v41692050","14.287","139.4","","","","1"
"2021-04","Ontario","2016A000235","All-items excluding energy","2002=100","17","units","0","v41692050","14.287","140.0","","","","1"
"2021-05","Ontario","2016A000235","All-items excluding energy","2002=100","17","units","0","v41692050","14.287","140.7","","","","1"
"2021-06","Ontario","2016A000235","All-items excluding energy","2002=100","17","units","0","v41692050","14.287","141.1","","","","1"
"2021-07","Ontario","2016A000235","All-items excluding energy","2002=100","17","units","0","v41692050","14.287","141.6","","","","1"
"2021-08","Ontario","2016A000235","All-items excluding energy","2002=100","17","units","0","v41692050","14.287","142.0","","","","1"
"2021-09","Ontario","2016A000235","All-items excluding energy","2002=100","17","units","0","v41692050","14.287","142.3","","","","1"
"2021-10","Ontario","2016A000235","All-items excluding energy","2002=100","17","units","0","v41692050","14.287","143.1","","","","1"
"2021-11","Ontario","2016A000235","All-items excluding energy","2002=100","17","units","0","v41692050","14.287","143.4","","","","1"
"2021-12","Ontario","2016A000235","All-items excluding energy","2002=100","17","units","0","v41692050","14.287","143.7","","","","1"
"2022-01","Ontario","2016A000235","All-items excluding energy","2002=100","17","units","0","v41692050","14.287","144.9","","","","1"
"2022-02","Ontario","2016A000235","All-items excluding energy","2002=100","17","units","0","v41692050","14.287","145.9","","","","1"
"2022-03","Ontario","2016A000235","All-items excluding energy","2002=100","17","units","0","v41692050","14.287","147.1","","","","1"
"2022-04","Ontario","2016A000235","All-items excluding energy","2002=100","17","units","0","v41692050","14.287","147.8","","","","1"
"2022-05","Ontario","2016A000235","All-items excluding energy","2002=100","17","units","0","v41692050","14.287","149.0","","","","1"
"2022-06","Ontario","2016A000235","All-items excluding energy","2002=100","17","units","0","v41692050","14.287","149.5","","","","1"
"2022-07","Ontario","2016A000235","All-items excluding energy","2002=100","17","units","0","v41692050","14.287","150.3","","","","1"
"2022-08","Ontario","2016A000235","All-items excluding energy","2002=100","17","units","0","v41692050","14.287","150.4","","","","1"
"2022-09","Ontario","2016A000235","All-items excluding energy","2002=100","17","units","0","v41692050","14.287","151.0","","","","1"
"2022-10","Ontario","2016A000235","All-items excluding energy","2002=100","17","units","0","v41692050","14.287","151.5","","","","1"
"2022-11","Ontario","2016A000235","All-items excluding energy","2002=100","17","units","0","v41692050","14.287","151.9","","","","1"
"2022-12","Ontario","2016A000235","All-items excluding energy","2002=100","17","units","0","v41692050","14.287","152.0","","","","1"
"2023-01","Ontario","2016A000235","All-items excluding energy","2002=100","17","units","0","v41692050","14.287","152.7","","","","1"
"2023-02","Ontario","2016A000235","All-items excluding energy","2002=100","17","units","0","v41692050","14.287","153.5","","","","1"
"2023-03","Ontario","2016A000235","All-items excluding energy","2002=100","17","units","0","v41692050","14.287","154.5","","","","1"
"2023-04","Ontario","2016A000235","All-items excluding energy","2002=100","17","units","0","v41692050","14.287","155.0","","","","1"
"2023-05","Ontario","2016A000235","All-items excluding energy","2002=100","17","units","0","v41692050","14.287","155.7","","","","1"
"2023-06","Ontario","2016A000235","All-items excluding energy","2002=100","17","units","0","v41692050","14.287","155.4","","","","1"
"2023-07","Ontario","2016A000235","All-items excluding energy","2002=100","17","units","0","v41692050","14.287","156.5","","","","1"
"2023-08","Ontario","2016A000235","All-items excluding energy","2002=100","17","units","0","v41692050","14.287","156.5","","","","1"
"2023-09","Ontario","2016A000235","All-items excluding energy","2002=100","17","units","0","v41692050","14.287","156.4","","","","1"
"2023-10","Ontario","2016A000235","All-items excluding energy","2002=100","17","units","0","v41692050","14.287","157.6","","","","1"
"2023-11","Ontario","2016A000235","All-items excluding energy","2002=100","17","units","0","v41692050","14.287","158.0","","","","1"
"2023-12","Ontario","2016A000235","All-items excluding energy","2002=100","17","units","0","v41692050","14.287","157.6","","","","1"
"2024-01","Ontario","2016A000235","All-items excluding energy","2002=100","17","units","0","v41692050","14.287","157.5","","","","1"
"2024-02","Ontario","2016A000235","All-items excluding energy","2002=100","17","units","0","v41692050","14.287","157.6","","","","1"
"2024-03","Ontario","2016A000235","All-items excluding energy","2002=100","17","units","0","v41692050","14.287","158.6","","","","1"
"2024-04","Ontario","2016A000235","All-items excluding energy","2002=100","17","units","0","v41692050","14.287","158.9","","","","1"
"2024-05","Ontario","2016A000235","All-items excluding energy","2002=100","17","units","0","v41692050","14.287","160.1","","","","1"
"2024-06","Ontario","2016A000235","All-items excluding energy","2002=100","17","units","0","v41692050","14.287","160.1","","","","1"
"2024-07","Ontario","2016A000235","All-items excluding energy","2002=100","17","units","0","v41692050","14.287","160.8","","","","1"
"2024-08","Ontario","2016A000235","All-items excluding energy","2002=100","17","units","0","v41692050","14.287","160.5","","","","1"
"2024-09","Ontario","2016A000235","All-items excluding energy","2002=100","17","units","0","v41692050","14.287","160.4","","","","1"
"2024-10","Ontario","2016A000235","All-items excluding energy","2002=100","17","units","0","v41692050","14.287","161.1","","","","1"
"2024-11","Ontario","2016A000235","All-items excluding energy","2002=100","17","units","0","v41692050","14.287","161.1","","","","1"
"2024-12","Ontario","2016A000235","All-items excluding energy","2002=100","17","units","0","v41692050","14.287","160.2","","","","1"
"2025-01","Ontario","2016A000235","All-items excluding energy","2002=100","17","units","0","v41692050","14.287","159.8","","","","1"
"2025-02","Ontario","2016A000235","All-items excluding energy","2002=100","17","units","0","v41692050","14.287","162.0","","","","1"
"2021-01","Ontario","2016A000235","Energy","2002=100","17","units","0","v41692051","14.288","150.4","","","","1"
"2021-02","Ontario","2016A000235","Energy","2002=100","17","units","0","v41692051","14.288","156.8","","","","1"
"2021-03","Ontario","2016A000235","Energy","2002=100","17","units","0","v41692051","14.288","166.0","","","","1"
"2021-04","Ontario","2016A000235","Energy","2002=100","17","units","0","v41692051","14.288","170.1","","","","1"
"2021-05","Ontario","2016A000235","Energy","2002=100","17","units","0","v41692051","14.288","173.2","","","","1"
"2021-06","Ontario","2016A000235","Energy","2002=100","17","units","0","v41692051","14.288","174.9","","","","1"
"2021-07","Ontario","2016A000235","Energy","2002=100","17","units","0","v41692051","14.288","177.1","","","","1"
"2021-08","Ontario","2016A000235","Energy","2002=100","17","units","0","v41692051","14.288","177.8","","","","1"
"2021-09","Ontario","2016A000235","Energy","2002=100","17","units","0","v41692051","14.288","178.4","","","","1"
"2021-10","Ontario","2016A000235","Energy","2002=100","17","units","0","v41692051","14.288","187.8","","","","1"
"2021-11","Ontario","2016A000235","Energy","2002=100","17","units","0","v41692051","14.288","187.9","","","","1"
"2021-12","Ontario","2016A000235","Energy","2002=100","17","units","0","v41692051","14.288","182.8","","","","1"
"2022-01","Ontario","2016A000235","Energy","2002=100","17","units","0","v41692051","14.288","187.0","","","","1"
"2022-02","Ontario","2016A000235","Energy","2002=100","17","units","0","v41692051","14.288","197.5","","","","1"
"2022-03","Ontario","2016A000235","Energy","2002=100","17","units","0","v41692051","14.288","212.4","","","","1"
"2022-04","Ontario","2016A000235","Energy","2002=100","17","units","0","v41692051","14.288","215.5","","","","1"
"2022-05","Ontario","2016A000235","Energy","2002=100","17","units","0","v41692051","14.288","234.6","","","","1"
"2022-06","Ontario","2016A000235","Energy","2002=100","17","units","0","v41692051","14.288","239.6","","","","1"
"2022-07","Ontario","2016A000235","Energy","2002=100","17","units","0","v41692051","14.288","227.0","","","","1"
"2022-08","Ontario","2016A000235","Energy","2002=100","17","units","0","v41692051","14.288","215.3","","","","1"
"2022-09","Ontario","2016A000235","Energy","2002=100","17","units","0","v41692051","14.288","203.1","","","","1"
"2022-10","Ontario","2016A000235","Energy","2002=100","17","units","0","v41692051","14.288","216.4","","","","1"
"2022-11","Ontario","2016A000235","Energy","2002=100","17","units","0","v41692051","14.288","214.3","","","","1"
"2022-12","Ontario","2016A000235","Energy","2002=100","17","units","0","v41692051","14.288","197.6","","","","1"
"2023-01","Ontario","2016A000235","Energy","2002=100","17","units","0","v41692051","14.288","203.8","","","","1"
"2023-02","Ontario","2016A000235","Energy","2002=100","17","units","0","v41692051","14.288","200.7","","","","1"
"2023-03","Ontario","2016A000235","Energy","2002=100","17","units","0","v41692051","14.288","201.0","","","","1"
"2023-04","Ontario","2016A000235","Energy","2002=100","17","units","0","v41692051","14.288","203.6","","","","1"
"2023-05","Ontario","2016A000235","Energy","2002=100","17","units","0","v41692051","14.288","202.7","","","","1"
"2023-06","Ontario","2016A000235","Energy","2002=100","17","units","0","v41692051","14.288","205.0","","","","1"
"2023-07","Ontario","2016A000235","Energy","2002=100","17","units","0","v41692051","14.288","208.2","","","","1"
"2023-08","Ontario","2016A000235","Energy","2002=100","17","units","0","v41692051","14.288","214.4","","","","1"
"2023-09","Ontario","2016A000235","Energy","2002=100","17","units","0","v41692051","14.288","211.9","","","","1"
"2023-10","Ontario","2016A000235","Energy","2002=100","17","units","0","v41692051","14.288","202.3","","","","1"
"2023-11","Ontario","2016A000235","Energy","2002=100","17","units","0","v41692051","14.288","200.3","","","","1"
"2023-12","Ontario","2016A000235","Energy","2002=100","17","units","0","v41692051","14.288","196.0","","","","1"
"2024-01","Ontario","2016A000235","Energy","2002=100","17","units","0","v41692051","14.288","195.7","","","","1"
"2024-02","Ontario","2016A000235","Energy","2002=100","17","units","0","v41692051","14.288","199.7","","","","1"
"2024-03","Ontario","2016A000235","Energy","2002=100","17","units","0","v41692051","14.288","203.9","","","","1"
"2024-04","Ontario","2016A000235","Energy","2002=100","17","units","0","v41692051","14.288","214.0","","","","1"
"2024-05","Ontario","2016A000235","Energy","2002=100","17","units","0","v41692051","14.288","212.3","","","","1"
"2024-06","Ontario","2016A000235","Energy","2002=100","17","units","0","v41692051","14.288","209.3","","","","1"
"2024-07","Ontario","2016A000235","Energy","2002=100","17","units","0","v41692051","14.288","213.1","","","","1"
"2024-08","Ontario","2016A000235","Energy","2002=100","17","units","0","v41692051","14.288","208.2","","","","1"
"2024-09","Ontario","2016A000235","Energy","2002=100","17","units","0","v41692051","14.288","198.2","","","","1"
"2024-10","Ontario","2016A000235","Energy","2002=100","17","units","0","v41692051","14.288","199.4","","","","1"
"2024-11","Ontario","2016A000235","Energy","2002=100","17","units","0","v41692051","14.288","200.1","","","","1"
"2024-12","Ontario","2016A000235","Energy","2002=100","17","units","0","v41692051","14.288","199.7","","","","1"
"2025-01","Ontario","2016A000235","Energy","2002=100","17","units","0","v41692051","14.288","205.4","","","","1"
"2025-02","Ontario","2016A000235","Energy","2002=100","17","units","0","v41692051","14.288","204.9","","","","1"
"2021-01","Ontario","2016A000235","Goods","2002=100","17","units","0","v41692039","14.274","121.5","","","","1"
"2021-02","Ontario","2016A000235","Goods","2002=100","17","units","0","v41692039","14.274","122.7","","","","1"
"2021-03","Ontario","2016A000235","Goods","2002=100","17","units","0","v41692039","14.274","124.0","","","","1"
"2021-04","Ontario","2016A000235","Goods","2002=100","17","units","0","v41692039","14.274","124.7","","","","1"
"2021-05","Ontario","2016A000235","Goods","2002=100","17","units","0","v41692039","14.274","125.6","","","","1"
"2021-06","Ontario","2016A000235","Goods","2002=100","17","units","0","v41692039","14.274","125.9","","","","1"
"2021-07","Ontario","2016A000235","Goods","2002=100","17","units","0","v41692039","14.274","126.6","","","","1"
"2021-08","Ontario","2016A000235","Goods","2002=100","17","units","0","v41692039","14.274","127.1","","","","1"
"2021-09","Ontario","2016A000235","Goods","2002=100","17","units","0","v41692039","14.274","127.0","","","","1"
"2021-10","Ontario","2016A000235","Goods","2002=100","17","units","0","v41692039","14.274","128.6","","","","1"
"2021-11","Ontario","2016A000235","Goods","2002=100","17","units","0","v41692039","14.274","129.4","","","","1"
"2021-12","Ontario","2016A000235","Goods","2002=100","17","units","0","v41692039","14.274","128.7","","","","1"
"2022-01","Ontario","2016A000235","Goods","2002=100","17","units","0","v41692039","14.274","130.7","","","","1"
"2022-02","Ontario","2016A000235","Goods","2002=100","17","units","0","v41692039","14.274","132.8","","","","1"
"2022-03","Ontario","2016A000235","Goods","2002=100","17","units","0","v41692039","14.274","135.7","","","","1"
"2022-04","Ontario","2016A000235","Goods","2002=100","17","units","0","v41692039","14.274","136.5","","","","1"
"2022-05","Ontario","2016A000235","Goods","2002=100","17","units","0","v41692039","14.274","139.5","","","","1"
"2022-06","Ontario","2016A000235","Goods","2002=100","17","units","0","v41692039","14.274","140.2","","","","1"
"2022-07","Ontario","2016A000235","Goods","2002=100","17","units","0","v41692039","14.274","139.3","","","","1"
"2022-08","Ontario","2016A000235","Goods","2002=100","17","units","0","v41692039","14.274","138.4","","","","1"
"2022-09","Ontario","2016A000235","Goods","2002=100","17","units","0","v41692039","14.274","137.8","","","","1"
"2022-10","Ontario","2016A000235","Goods","2002=100","17","units","0","v41692039","14.274","139.4","","","","1"
"2022-11","Ontario","2016A000235","Goods","2002=100","17","units","0","v41692039","14.274","139.7","","","","1"
"2022-12","Ontario","2016A000235","Goods","2002=100","17","units","0","v41692039","14.274","137.8","","","","1"
"2023-01","Ontario","2016A000235","Goods","2002=100","17","units","0","v41692039","14.274","139.5","","","","1"
"2023-02","Ontario","2016A000235","Goods","2002=100","17","units","0","v41692039","14.274","140.1","","","","1"
"2023-03","Ontario","2016A000235","Goods","2002=100","17","units","0","v41692039","14.274","140.9","","","","1"
"2023-04","Ontario","2016A000235","Goods","2002=100","17","units","0","v41692039","14.274","141.5","","","","1"
"2023-05","Ontario","2016A000235","Goods","2002=100","17","units","0","v41692039","14.274","141.7","","","","1"
"2023-06","Ontario","2016A000235","Goods","2002=100","17","units","0","v41692039","14.274","141.9","","","","1"
"2023-07","Ontario","2016A000235","Goods","2002=100","17","units","0","v41692039","14.274","142.5","","","","1"
"2023-08","Ontario","2016A000235","Goods","2002=100","17","units","0","v41692039","14.274","143.2","","","","1"
"2023-09","Ontario","2016A000235","Goods","2002=100","17","units","0","v41692039","14.274","142.9","","","","1"
"2023-10","Ontario","2016A000235","Goods","2002=100","17","units","0","v41692039","14.274","142.0","","","","1"
"2023-11","Ontario","2016A000235","Goods","2002=100","17","units","0","v41692039","14.274","142.2","","","","1"
"2023-12","Ontario","2016A000235","Goods","2002=100","17","units","0","v41692039","14.274","141.2","","","","1"
"2024-01","Ontario","2016A000235","Goods","2002=100","17","units","0","v41692039","14.274","141.4","","","","1"
"2024-02","Ontario","2016A000235","Goods","2002=100","17","units","0","v41692039","14.274","141.3","","","","1"
"2024-03","Ontario","2016A000235","Goods","2002=100","17","units","0","v41692039","14.274","142.0","","","","1"
"2024-04","Ontario","2016A000235","Goods","2002=100","17","units","0","v41692039","14.274","143.4","","","","1"
"2024-05","Ontario","2016A000235","Goods","2002=100","17","units","0","v41692039","14.274","143.4","","","","1"
"2024-06","Ontario","2016A000235","Goods","2002=100","17","units","0","v41692039","14.274","143.2","","","","1"
"2024-07","Ontario","2016A000235","Goods","2002=100","17","units","0","v41692039","14.274","143.6","","","","1"
"2024-08","Ontario","2016A000235","Goods","2002=100","17","units","0","v41692039","14.274","142.8","","","","1"
"2024-09","Ontario","2016A000235","Goods","2002=100","17","units","0","v41692039","14.274","141.9","","","","1"
"2024-10","Ontario","2016A000235","Goods","2002=100","17","units","0","v41692039","14.274","142.3","","","","1"
"2024-11","Ontario","2016A000235","Goods","2002=100","17","units","0","v41692039","14.274","142.2","","","","1"
"2024-12","Ontario","2016A000235","Goods","2002=100","17","units","0","v41692039","14.274","141.0","","","","1"
"2025-01","Ontario","2016A000235","Goods","2002=100","17","units","0","v41692039","14.274","142.1","","","","1"
"2025-02","Ontario","2016A000235","Goods","2002=100","17","units","0","v41692039","14.274","143.3","","","","1"
"2021-01","Ontario","2016A000235","Services","2002=100","17","units","0","v41692043","14.282","155.7","","","","1"
"2021-02","Ontario","2016A000235","Services","2002=100","17","units","0","v41692043","14.282","155.9","","","","1"
"2021-03","Ontario","2016A000235","Services","2002=100","17","units","0","v41692043","14.282","156.2","","","","1"
"2021-04","Ontario","2016A000235","Services","2002=100","17","units","0","v41692043","14.282","157.1","","","","1"
"2021-05","Ontario","2016A000235","Services","2002=100","17","units","0","v41692043","14.282","157.8","","","","1"
"2021-06","Ontario","2016A000235","Services","2002=100","17","units","0","v41692043","14.282","158.4","","","","1"
"2021-07","Ontario","2016A000235","Services","2002=100","17","units","0","v41692043","14.282","159.0","","","","1"
"2021-08","Ontario","2016A000235","Services","2002=100","17","units","0","v41692043","14.282","159.3","","","","1"
"2021-09","Ontario","2016A000235","Services","2002=100","17","units","0","v41692043","14.282","160.0","","","","1"
"2021-10","Ontario","2016A000235","Services","2002=100","17","units","0","v41692043","14.282","160.9","","","","1"
"2021-11","Ontario","2016A000235","Services","2002=100","17","units","0","v41692043","14.282","160.6","","","","1"
"2021-12","Ontario","2016A000235","Services","2002=100","17","units","0","v41692043","14.282","161.5","","","","1"
"2022-01","Ontario","2016A000235","Services","2002=100","17","units","0","v41692043","14.282","162.2","","","","1"
"2022-02","Ontario","2016A000235","Services","2002=100","17","units","0","v41692043","14.282","162.9","","","","1"
"2022-03","Ontario","2016A000235","Services","2002=100","17","units","0","v41692043","14.282","163.9","","","","1"
"2022-04","Ontario","2016A000235","Services","2002=100","17","units","0","v41692043","14.282","164.7","","","","1"
"2022-05","Ontario","2016A000235","Services","2002=100","17","units","0","v41692043","14.282","165.8","","","","1"
"2022-06","Ontario","2016A000235","Services","2002=100","17","units","0","v41692043","14.282","166.4","","","","1"
"2022-07","Ontario","2016A000235","Services","2002=100","17","units","0","v41692043","14.282","167.8","","","","1"
"2022-08","Ontario","2016A000235","Services","2002=100","17","units","0","v41692043","14.282","167.7","","","","1"
"2022-09","Ontario","2016A000235","Services","2002=100","17","units","0","v41692043","14.282","168.3","","","","1"
"2022-10","Ontario","2016A000235","Services","2002=100","17","units","0","v41692043","14.282","168.9","","","","1"
"2022-11","Ontario","2016A000235","Services","2002=100","17","units","0","v41692043","14.282","169.1","","","","1"
"2022-12","Ontario","2016A000235","Services","2002=100","17","units","0","v41692043","14.282","169.7","","","","1"
"2023-01","Ontario","2016A000235","Services","2002=100","17","units","0","v41692043","14.282","169.7","","","","1"
"2023-02","Ontario","2016A000235","Services","2002=100","17","units","0","v41692043","14.282","170.5","","","","1"
"2023-03","Ontario","2016A000235","Services","2002=100","17","units","0","v41692043","14.282","171.5","","","","1"
"2023-04","Ontario","2016A000235","Services","2002=100","17","units","0","v41692043","14.282","172.2","","","","1"
"2023-05","Ontario","2016A000235","Services","2002=100","17","units","0","v41692043","14.282","173.3","","","","1"
"2023-06","Ontario","2016A000235","Services","2002=100","17","units","0","v41692043","14.282","172.7","","","","1"
"2023-07","Ontario","2016A000235","Services","2002=100","17","units","0","v41692043","14.282","174.5","","","","1"
"2023-08","Ontario","2016A000235","Services","2002=100","17","units","0","v41692043","14.282","174.5","","","","1"
"2023-09","Ontario","2016A000235","Services","2002=100","17","units","0","v41692043","14.282","174.3","","","","1"
"2023-10","Ontario","2016A000235","Services","2002=100","17","units","0","v41692043","14.282","176.4","","","","1"
"2023-11","Ontario","2016A000235","Services","2002=100","17","units","0","v41692043","14.282","176.8","","","","1"
"2023-12","Ontario","2016A000235","Services","2002=100","17","units","0","v41692043","14.282","176.6","","","","1"
"2024-01","Ontario","2016A000235","Services","2002=100","17","units","0","v41692043","14.282","176.1","","","","1"
"2024-02","Ontario","2016A000235","Services","2002=100","17","units","0","v41692043","14.282","176.9","","","","1"
"2024-03","Ontario","2016A000235","Services","2002=100","17","units","0","v41692043","14.282","178.5","","","","1"
"2024-04","Ontario","2016A000235","Services","2002=100","17","units","0","v41692043","14.282","178.7","","","","1"
"2024-05","Ontario","2016A000235","Services","2002=100","17","units","0","v41692043","14.282","180.7","","","","1"
"2024-06","Ontario","2016A000235","Services","2002=100","17","units","0","v41692043","14.282","180.7","","","","1"
"2024-07","Ontario","2016A000235","Services","2002=100","17","units","0","v41692043","14.282","181.8","","","","1"
"2024-08","Ontario","2016A000235","Services","2002=100","17","units","0","v41692043","14.282","181.5","","","","1"
"2024-09","Ontario","2016A000235","Services","2002=100","17","units","0","v41692043","14.282","181.1","","","","1"
"2024-10","Ontario","2016A000235","Services","2002=100","17","units","0","v41692043","14.282","182.3","","","","1"
"2024-11","Ontario","2016A000235","Services","2002=100","17","units","0","v41692043","14.282","182.3","","","","1"
"2024-12","Ontario","2016A000235","Services","2002=100","17","units","0","v41692043","14.282","181.9","","","","1"
"2025-01","Ontario","2016A000235","Services","2002=100","17","units","0","v41692043","14.282","180.7","","","","1"
"2025-02","Ontario","2016A000235","Services","2002=100","17","units","0","v41692043","14.282","183.5","","","","1"


